-- MySQL dump 10.13  Distrib 8.0.30, for Win64 (x86_64)
--
-- Host: localhost    Database: qlbanhang
-- ------------------------------------------------------
-- Server version	5.7.39-log

/*!40101 SET @OLD_CHARACTER_SET_CLIENT=@@CHARACTER_SET_CLIENT */;
/*!40101 SET @OLD_CHARACTER_SET_RESULTS=@@CHARACTER_SET_RESULTS */;
/*!40101 SET @OLD_COLLATION_CONNECTION=@@COLLATION_CONNECTION */;
/*!50503 SET NAMES utf8 */;
/*!40103 SET @OLD_TIME_ZONE=@@TIME_ZONE */;
/*!40103 SET TIME_ZONE='+00:00' */;
/*!40014 SET @OLD_UNIQUE_CHECKS=@@UNIQUE_CHECKS, UNIQUE_CHECKS=0 */;
/*!40014 SET @OLD_FOREIGN_KEY_CHECKS=@@FOREIGN_KEY_CHECKS, FOREIGN_KEY_CHECKS=0 */;
/*!40101 SET @OLD_SQL_MODE=@@SQL_MODE, SQL_MODE='NO_AUTO_VALUE_ON_ZERO' */;
/*!40111 SET @OLD_SQL_NOTES=@@SQL_NOTES, SQL_NOTES=0 */;

--
-- Table structure for table `app_roles`
--

DROP TABLE IF EXISTS `app_roles`;
/*!40101 SET @saved_cs_client     = @@character_set_client */;
/*!50503 SET character_set_client = utf8mb4 */;
CREATE TABLE `app_roles` (
  `id` int(11) NOT NULL AUTO_INCREMENT,
  `name` varchar(20) DEFAULT NULL,
  PRIMARY KEY (`id`)
) ENGINE=InnoDB AUTO_INCREMENT=3 DEFAULT CHARSET=utf8mb4;
/*!40101 SET character_set_client = @saved_cs_client */;

--
-- Dumping data for table `app_roles`
--

LOCK TABLES `app_roles` WRITE;
/*!40000 ALTER TABLE `app_roles` DISABLE KEYS */;
INSERT INTO `app_roles` VALUES (1,'ROLE_USER'),(2,'ROLE_ADMIN');
/*!40000 ALTER TABLE `app_roles` ENABLE KEYS */;
UNLOCK TABLES;

--
-- Table structure for table `cart_details`
--

DROP TABLE IF EXISTS `cart_details`;
/*!40101 SET @saved_cs_client     = @@character_set_client */;
/*!50503 SET character_set_client = utf8mb4 */;
CREATE TABLE `cart_details` (
  `cart_detail_id` bigint(20) NOT NULL AUTO_INCREMENT,
  `price` double DEFAULT NULL,
  `quantity` int(11) NOT NULL,
  `cart_id` bigint(20) DEFAULT NULL,
  `product_id` bigint(20) DEFAULT NULL,
  `size` varchar(45) COLLATE utf8mb4_unicode_ci DEFAULT NULL,
  PRIMARY KEY (`cart_detail_id`),
  KEY `FKkcochhsa891wv0s9wrtf36wgt` (`cart_id`),
  KEY `FK9rlic3aynl3g75jvedkx84lhv` (`product_id`),
  CONSTRAINT `FK9rlic3aynl3g75jvedkx84lhv` FOREIGN KEY (`product_id`) REFERENCES `products` (`product_id`),
  CONSTRAINT `FKkcochhsa891wv0s9wrtf36wgt` FOREIGN KEY (`cart_id`) REFERENCES `carts` (`cart_id`)
) ENGINE=InnoDB AUTO_INCREMENT=290 DEFAULT CHARSET=utf8mb4 COLLATE=utf8mb4_unicode_ci;
/*!40101 SET character_set_client = @saved_cs_client */;

--
-- Dumping data for table `cart_details`
--

LOCK TABLES `cart_details` WRITE;
/*!40000 ALTER TABLE `cart_details` DISABLE KEYS */;
INSERT INTO `cart_details` VALUES (82,1350000,3,2,9,'S'),(151,2136000,4,5,4,'S'),(275,1215000,3,4,3,'S'),(276,649900,1,4,6,'S'),(277,124800,1,4,8,'S');
/*!40000 ALTER TABLE `cart_details` ENABLE KEYS */;
UNLOCK TABLES;

--
-- Table structure for table `carts`
--

DROP TABLE IF EXISTS `carts`;
/*!40101 SET @saved_cs_client     = @@character_set_client */;
/*!50503 SET character_set_client = utf8mb4 */;
CREATE TABLE `carts` (
  `cart_id` bigint(20) NOT NULL AUTO_INCREMENT,
  `address` varchar(255) COLLATE utf8mb4_unicode_ci DEFAULT NULL,
  `phone` varchar(255) COLLATE utf8mb4_unicode_ci DEFAULT NULL,
  `user_id` bigint(20) DEFAULT NULL,
  PRIMARY KEY (`cart_id`),
  KEY `FKb5o626f86h46m4s7ms6ginnop` (`user_id`),
  CONSTRAINT `FKb5o626f86h46m4s7ms6ginnop` FOREIGN KEY (`user_id`) REFERENCES `users` (`user_id`)
) ENGINE=InnoDB AUTO_INCREMENT=8 DEFAULT CHARSET=utf8mb4 COLLATE=utf8mb4_unicode_ci;
/*!40101 SET character_set_client = @saved_cs_client */;

--
-- Dumping data for table `carts`
--

LOCK TABLES `carts` WRITE;
/*!40000 ALTER TABLE `carts` DISABLE KEYS */;
INSERT INTO `carts` VALUES (1,'Hà Tĩnh','0967291997',2),(2,'dd, Phường Đồng Xuân, Quận Hoàn Kiếm, Thành phố Hà Nội','0916891997',3),(3,'168, Xã Na Khê, Huyện Yên Minh, Tỉnh Hà Giang','0916855648',4),(4,'A99, Xã Cao Sơn, Huyện Bạch Thông, Tỉnh Bắc Kạn (giao giờ hành chính)','0971549770',5),(5,'123, Xã Sảng Tủng, Huyện Đồng Văn, Tỉnh Hà Giang','0971549770',6),(6,'thường tín','0971549770',7),(7,'số 9, Phường Cẩm Bình, Thành phố Cẩm Phả, Tỉnh Quảng Ninh (null)','0984410411',8);
/*!40000 ALTER TABLE `carts` ENABLE KEYS */;
UNLOCK TABLES;

--
-- Table structure for table `categories`
--

DROP TABLE IF EXISTS `categories`;
/*!40101 SET @saved_cs_client     = @@character_set_client */;
/*!50503 SET character_set_client = utf8mb4 */;
CREATE TABLE `categories` (
  `category_id` bigint(20) NOT NULL AUTO_INCREMENT,
  `category_name` varchar(255) COLLATE utf8mb4_unicode_ci DEFAULT NULL,
  PRIMARY KEY (`category_id`)
) ENGINE=InnoDB AUTO_INCREMENT=7 DEFAULT CHARSET=utf8mb4 COLLATE=utf8mb4_unicode_ci;
/*!40101 SET character_set_client = @saved_cs_client */;

--
-- Dumping data for table `categories`
--

LOCK TABLES `categories` WRITE;
/*!40000 ALTER TABLE `categories` DISABLE KEYS */;
INSERT INTO `categories` VALUES (1,'Giày chạy bộ'),(2,'Giày bóng rổ'),(3,'Giày bóng đá'),(4,'Giày cầu lông'),(5,'Giày tennis'),(6,'Giày chạy trail');
/*!40000 ALTER TABLE `categories` ENABLE KEYS */;
UNLOCK TABLES;

--
-- Table structure for table `contact`
--

DROP TABLE IF EXISTS `contact`;
/*!40101 SET @saved_cs_client     = @@character_set_client */;
/*!50503 SET character_set_client = utf8mb4 */;
CREATE TABLE `contact` (
  `id` int(11) NOT NULL AUTO_INCREMENT,
  `email` varchar(45) COLLATE utf8mb4_unicode_ci NOT NULL,
  `title` varchar(255) COLLATE utf8mb4_unicode_ci NOT NULL,
  `content` varchar(255) COLLATE utf8mb4_unicode_ci NOT NULL,
  `name` varchar(45) COLLATE utf8mb4_unicode_ci DEFAULT NULL,
  `date` date DEFAULT NULL,
  PRIMARY KEY (`id`)
) ENGINE=InnoDB AUTO_INCREMENT=18 DEFAULT CHARSET=utf8mb4 COLLATE=utf8mb4_unicode_ci;
/*!40101 SET character_set_client = @saved_cs_client */;

--
-- Dumping data for table `contact`
--

LOCK TABLES `contact` WRITE;
/*!40000 ALTER TABLE `contact` DISABLE KEYS */;
INSERT INTO `contact` VALUES (5,'daothithuy.27092001@gmail.com','h','h','f','2023-04-24'),(6,'daothithuy.27092001@gmail.com','Hỏi giá ship','Shop ơi tiền ship một đơn hàng hết bn đấy ạ','ĐÀO THI THÚY','2023-04-25'),(7,'thuy2001@gmail.com','Hỏi địa chỉ','Shop ơi, shop ở địa chỉ nào thế ạ','Loan','2023-04-25'),(8,'thuydt.27092001@gmail.com','Hỏi kích thước','Shop ơi 40kg có mặc vừa không ạ','Hảo','2023-04-25'),(9,'daothithuy.27092001@gmail.com','Hỏi thời gian giao hàng','Shop ơi thời gian giao hàng khoảng mấy ngày ạ','Thúy','2023-04-25'),(10,'daothithuy.27092001@gmail.com','sáÁ','sÁa','sds','2023-04-25'),(11,'thaonoi2310@gmail.com','abc','Xin chào','Thảo','2023-04-25'),(12,'thuydt.27092001@gmail.com','abc','abc','thuy','2023-04-25'),(13,'thuydt.27092001@gmail.com','abc','dèd','Thúy','2023-04-25'),(14,'daothithuy.27092001@gmail.com','sSa','Sá','sa','2023-04-28'),(15,'daothithuy.27092001@gmail.com','DSA','SADSA','ĐÁ','2023-04-28'),(16,'daothithuy.27092001@gmail.com','asdsd','dsada','sds','2023-05-02'),(17,'daothithuy.27092001@gmail.com','ff','ff','abc','2023-05-07');
/*!40000 ALTER TABLE `contact` ENABLE KEYS */;
UNLOCK TABLES;

--
-- Table structure for table `favorites`
--

DROP TABLE IF EXISTS `favorites`;
/*!40101 SET @saved_cs_client     = @@character_set_client */;
/*!50503 SET character_set_client = utf8mb4 */;
CREATE TABLE `favorites` (
  `favorite_id` bigint(20) NOT NULL AUTO_INCREMENT,
  `product_id` bigint(20) DEFAULT NULL,
  `user_id` bigint(20) DEFAULT NULL,
  PRIMARY KEY (`favorite_id`),
  KEY `FK6sgu5npe8ug4o42bf9j71x20c` (`product_id`),
  KEY `FKk7du8b8ewipawnnpg76d55fus` (`user_id`),
  CONSTRAINT `FK6sgu5npe8ug4o42bf9j71x20c` FOREIGN KEY (`product_id`) REFERENCES `products` (`product_id`),
  CONSTRAINT `FKk7du8b8ewipawnnpg76d55fus` FOREIGN KEY (`user_id`) REFERENCES `users` (`user_id`)
) ENGINE=InnoDB AUTO_INCREMENT=42 DEFAULT CHARSET=utf8mb4 COLLATE=utf8mb4_unicode_ci;
/*!40101 SET character_set_client = @saved_cs_client */;

--
-- Dumping data for table `favorites`
--

LOCK TABLES `favorites` WRITE;
/*!40000 ALTER TABLE `favorites` DISABLE KEYS */;
INSERT INTO `favorites` VALUES (1,5,3),(13,54,3),(14,36,4),(15,4,4),(16,5,4),(17,8,4),(18,7,4),(19,33,4),(20,32,4),(22,3,3),(38,16,5),(39,51,5),(40,16,8),(41,17,8);
/*!40000 ALTER TABLE `favorites` ENABLE KEYS */;
UNLOCK TABLES;

--
-- Table structure for table `images`
--

DROP TABLE IF EXISTS `images`;
/*!40101 SET @saved_cs_client     = @@character_set_client */;
/*!50503 SET character_set_client = utf8mb4 */;
CREATE TABLE `images` (
  `image_id` int(11) NOT NULL AUTO_INCREMENT,
  `product_id` bigint(20) DEFAULT NULL,
  `file` varchar(255) COLLATE utf8mb4_unicode_ci DEFAULT NULL,
  PRIMARY KEY (`image_id`),
  KEY `bac_idx` (`product_id`),
  CONSTRAINT `bac` FOREIGN KEY (`product_id`) REFERENCES `products` (`product_id`)
) ENGINE=InnoDB AUTO_INCREMENT=337 DEFAULT CHARSET=utf8mb4 COLLATE=utf8mb4_unicode_ci;
/*!40101 SET character_set_client = @saved_cs_client */;

--
-- Dumping data for table `images`
--

LOCK TABLES `images` WRITE;
/*!40000 ALTER TABLE `images` DISABLE KEYS */;
INSERT INTO `images` VALUES (1,3,'https://res.cloudinary.com/martfury/image/upload/v1702874541/products/nhpbmvd4pc5q8dvtneaw.webp'),(2,3,'https://res.cloudinary.com/martfury/image/upload/v1702874550/products/mkmfbohnmov7n0m2mulh.webp'),(3,3,'https://res.cloudinary.com/martfury/image/upload/v1702874540/products/tuz61t5jzprhjlrkvwbk.webp'),(5,4,'https://res.cloudinary.com/martfury/image/upload/v1702874995/products/bpnxhjrvt9bghrwkpmhx.webp'),(6,4,'https://res.cloudinary.com/martfury/image/upload/v1702875000/products/w7qp9ymyzulfj0ugdoh4.webp'),(8,4,'https://res.cloudinary.com/martfury/image/upload/v1702875004/products/kclnnwi2fjlq0s25d2uo.webp'),(10,5,'https://res.cloudinary.com/martfury/image/upload/v1702875318/products/uasllknzxxdxpei45ate.webp'),(11,5,'https://res.cloudinary.com/martfury/image/upload/v1702875328/products/qlz0ek4dihpahmsfkwy8.webp'),(12,5,'https://res.cloudinary.com/martfury/image/upload/v1702875323/products/qxuyiczrx1set71fxpcz.webp'),(14,6,'https://res.cloudinary.com/martfury/image/upload/v1702875509/products/omttiuyg9qiabbwtseda.webp'),(15,6,'https://res.cloudinary.com/martfury/image/upload/v1702875508/products/cxk2enlvsxczdnsl4jzm.webp'),(16,6,'https://res.cloudinary.com/martfury/image/upload/v1702875509/products/zydyorublemeffedqlgd.webp'),(18,7,'https://res.cloudinary.com/martfury/image/upload/v1702875883/products/m0pehayfejzfyci1tuoz.webp'),(19,7,'https://res.cloudinary.com/martfury/image/upload/v1702875883/products/wnzvt6gij3dlrhendadd.webp'),(20,7,'https://res.cloudinary.com/martfury/image/upload/v1702875883/products/hszaqexmq4vvdmi4ctaq.webp'),(22,8,'https://res.cloudinary.com/martfury/image/upload/v1702876030/products/h7vxoba7wj7qpsy7q7kt.webp'),(23,8,'https://res.cloudinary.com/martfury/image/upload/v1702876030/products/xmp0nkndg9fiuz3bomx4.webp'),(24,8,'https://res.cloudinary.com/martfury/image/upload/v1702876030/products/kvrzwixfhjphsjzkhlgc.jpg'),(26,9,'https://res.cloudinary.com/martfury/image/upload/v1702876257/products/xwnjfintkzrhovkuwexe.webp'),(27,9,'https://res.cloudinary.com/martfury/image/upload/v1702876257/products/wsjtfcqc0eionr0nwnf2.webp'),(28,9,'https://res.cloudinary.com/martfury/image/upload/v1702876257/products/r8d8r4ghdxyfw0awkerd.webp'),(29,10,'https://res.cloudinary.com/martfury/image/upload/v1702876414/products/zdeo3hvh03znynfum0dc.webp'),(30,10,'https://res.cloudinary.com/martfury/image/upload/v1702876415/products/vlklz5i56ycpwzk0oaus.webp'),(31,10,'https://res.cloudinary.com/martfury/image/upload/v1702876414/products/lpuz8hkx3nrkakwkik1u.webp'),(32,11,'https://res.cloudinary.com/martfury/image/upload/v1702876524/products/ycykcfgkuzetfnkhku13.webp'),(33,11,'https://res.cloudinary.com/martfury/image/upload/v1702876526/products/ci1bsp70whmd5yoesybq.webp'),(34,11,'https://res.cloudinary.com/martfury/image/upload/v1702876524/products/wvstwbg4gkhxpbgmac3s.webp'),(35,12,'https://res.cloudinary.com/martfury/image/upload/v1702876743/products/kdtc8ptc2pw7klyiap8h.webp'),(36,12,'https://res.cloudinary.com/martfury/image/upload/v1702876742/products/sgfgm7odaikw5q3jbq3v.webp'),(37,12,'https://res.cloudinary.com/martfury/image/upload/v1702876742/products/vaedminauufopw4ldhyv.webp'),(38,13,'https://res.cloudinary.com/martfury/image/upload/v1702876916/products/iyaox66otlkhocrubw8d.webp'),(39,13,'https://res.cloudinary.com/martfury/image/upload/v1702876916/products/mqprst7npzxqpinltdcz.webp'),(40,13,'https://res.cloudinary.com/martfury/image/upload/v1702876916/products/a0dgwgfwcgqoillwkgfm.webp'),(41,14,'https://res.cloudinary.com/martfury/image/upload/v1702877145/products/zi4g2nfh3rcphrjispi7.jpg'),(42,14,'https://res.cloudinary.com/martfury/image/upload/v1702877144/products/fxdqe1nbkitqesv1gs3h.webp'),(43,14,'https://res.cloudinary.com/martfury/image/upload/v1702877145/products/mjvialauvjed4hvrffiz.webp'),(44,15,'https://res.cloudinary.com/martfury/image/upload/v1702877301/products/fuzuq34tsgq7rihpp4ly.webp'),(45,15,'https://res.cloudinary.com/martfury/image/upload/v1702877301/products/duflxcbobgfv3xoejng0.webp'),(46,16,'https://res.cloudinary.com/martfury/image/upload/v1702877647/products/aulgz89klodaf0ysx7ye.webp'),(47,16,'https://res.cloudinary.com/martfury/image/upload/v1702877648/products/c5hdg2bozxg3szxpytat.webp'),(48,16,'https://res.cloudinary.com/martfury/image/upload/v1702877647/products/nnwpbnhgp99nfp1xltza.webp'),(49,17,'https://res.cloudinary.com/martfury/image/upload/v1702877782/products/eijkeqqct1rkcb1tcpvb.webp'),(50,17,'https://res.cloudinary.com/martfury/image/upload/v1702877782/products/axqyssi1qidh07rpeotg.webp'),(51,17,'https://res.cloudinary.com/martfury/image/upload/v1702877782/products/wcdepw3x3by9lfjgkcnq.webp'),(52,18,'https://res.cloudinary.com/martfury/image/upload/v1702878394/products/cvvtkwrvpcsite0wg6kq.jpg'),(53,18,'https://res.cloudinary.com/martfury/image/upload/v1702878394/products/czeczlcuvuveugewibn0.jpg'),(54,18,'https://res.cloudinary.com/martfury/image/upload/v1702878395/products/qujj1cbl1qpuoq07mzwz.jpg'),(55,19,'https://res.cloudinary.com/martfury/image/upload/v1702878559/products/qe2yncmdgu2av6v30z8w.jpg'),(56,19,'https://res.cloudinary.com/martfury/image/upload/v1702878559/products/rxfmbolpcacdyjpeladd.jpg'),(57,19,'https://res.cloudinary.com/martfury/image/upload/v1702878558/products/gffwqs4lncqqkkhnikmz.jpg'),(58,20,'https://res.cloudinary.com/martfury/image/upload/v1702878687/products/gs31jitqe1ntjowzxgno.jpg'),(59,20,'https://res.cloudinary.com/martfury/image/upload/v1702878687/products/nz2abhgph0zw3ddcpupw.jpg'),(60,20,'https://res.cloudinary.com/martfury/image/upload/v1702878687/products/cldkss6yjxxrzagyajre.jpg'),(61,21,'https://res.cloudinary.com/martfury/image/upload/v1702878824/products/pgckv8ogsbei8ecckkwg.jpg'),(62,21,'https://res.cloudinary.com/martfury/image/upload/v1702878824/products/ggcg9l4mj2budhjrpyci.jpg'),(63,21,'https://res.cloudinary.com/martfury/image/upload/v1702878824/products/zyfm5tjff8geihyfjqh7.jpg'),(64,22,'https://res.cloudinary.com/martfury/image/upload/v1702878968/products/gtuejnji8cp7pjndllgl.jpg'),(65,22,'https://res.cloudinary.com/martfury/image/upload/v1702878967/products/qjymxpfjplguv0vbtwlq.jpg'),(66,22,'https://res.cloudinary.com/martfury/image/upload/v1702878967/products/n7uhoj52vw0ok2j432zb.jpg'),(67,23,'https://res.cloudinary.com/martfury/image/upload/v1703044685/products/yaskfybowhn0xsjzdvkm.jpg'),(68,23,'https://res.cloudinary.com/martfury/image/upload/v1703044687/products/in63sndcn8dkjnxouppp.jpg'),(69,23,'https://res.cloudinary.com/martfury/image/upload/v1703044686/products/blgse53o4nnujucku2vo.jpg'),(70,24,'https://res.cloudinary.com/martfury/image/upload/v1702879356/products/wcqsmih8fhxgyuefrwlt.jpg'),(71,24,'https://res.cloudinary.com/martfury/image/upload/v1702879356/products/g7yhgbpghs0pchyhaklr.jpg'),(72,24,'https://res.cloudinary.com/martfury/image/upload/v1702879355/products/dnsxz45t0v9av6p4ye4m.jpg'),(73,25,'https://res.cloudinary.com/martfury/image/upload/v1702879470/products/lid0hkhg4pqqxee5qsqi.jpg'),(74,25,'https://res.cloudinary.com/martfury/image/upload/v1702879471/products/gqlzlhfdziowniuuaj4h.jpg'),(75,25,'https://res.cloudinary.com/martfury/image/upload/v1702879471/products/sk0ddpeolexgjfte8ibe.jpg'),(76,26,'https://res.cloudinary.com/martfury/image/upload/v1702879629/products/xe6rnosvapdcim0olyjn.webp'),(77,26,'https://res.cloudinary.com/martfury/image/upload/v1702879629/products/uq6pgjegonndkw1dn0kv.webp'),(78,26,'https://res.cloudinary.com/martfury/image/upload/v1702879631/products/hopac0ht9m550w5bfts3.webp'),(79,27,'https://res.cloudinary.com/martfury/image/upload/v1702879758/products/in0q8fe5mqykxoddp6sk.webp'),(80,28,'https://res.cloudinary.com/martfury/image/upload/v1702879873/products/vty9ygwmrdflfcptgtxo.webp'),(81,28,'https://res.cloudinary.com/martfury/image/upload/v1702879873/products/v5hbamznkeu2d7fgenhg.webp'),(82,28,'https://res.cloudinary.com/martfury/image/upload/v1702879873/products/noifthq9lctjr8hay9mz.webp'),(83,27,'https://res.cloudinary.com/martfury/image/upload/v1702879758/products/rwej0zp0ydo7vxvovjxa.webp'),(84,27,'https://res.cloudinary.com/martfury/image/upload/v1702879758/products/dapbzdf3iphmb72cj238.webp'),(85,29,'https://res.cloudinary.com/martfury/image/upload/v1702880014/products/dl5dmzl1wjs53x7r3bb4.webp'),(86,29,'https://res.cloudinary.com/martfury/image/upload/v1702880014/products/ihhvf6sx1y7v8anfj4a7.webp'),(87,29,'https://res.cloudinary.com/martfury/image/upload/v1702880019/products/gcxb21vqm29hlsxpg0r2.webp'),(88,30,'https://res.cloudinary.com/martfury/image/upload/v1702880133/products/y6wiovjgxrhmn3uy47xq.webp'),(89,30,'https://res.cloudinary.com/martfury/image/upload/v1702880133/products/scp7lykwwxeehsqisuek.webp'),(90,30,'https://res.cloudinary.com/martfury/image/upload/v1702880134/products/lwscg3apgjgifywqacsc.webp'),(91,31,'https://res.cloudinary.com/martfury/image/upload/v1702880240/products/u2kxmrenttayxlopsi4s.webp'),(92,31,'https://res.cloudinary.com/martfury/image/upload/v1702880238/products/tjqvduxoczvgziogqjsi.webp'),(93,31,'https://res.cloudinary.com/martfury/image/upload/v1702880238/products/bld7rfn4bydie7eyvx1e.webp'),(94,32,'https://res.cloudinary.com/martfury/image/upload/v1702880358/products/iyt7qo7rk5gxnyqxqc3r.webp'),(95,32,'https://res.cloudinary.com/martfury/image/upload/v1702880358/products/ios3rilt2pb1hs4hckgz.webp'),(96,32,'https://res.cloudinary.com/martfury/image/upload/v1702880359/products/doglvg9hwof8zycdmgtf.webp'),(97,33,'https://res.cloudinary.com/martfury/image/upload/v1702880567/products/hxsbfq02ccclsh8xtjti.webp'),(98,33,'https://res.cloudinary.com/martfury/image/upload/v1702880567/products/joeikd4md02bdtvvmezi.webp'),(99,33,'https://res.cloudinary.com/martfury/image/upload/v1702880567/products/unnsv8rgqvsi9zxtsdsk.webp'),(100,34,'https://res.cloudinary.com/martfury/image/upload/v1702880763/products/k6o4roacvm2n7lkbz2iv.webp'),(101,34,'https://res.cloudinary.com/martfury/image/upload/v1702880764/products/im5gcuobmxe5dsaqyxlu.webp'),(102,34,'https://res.cloudinary.com/martfury/image/upload/v1702880762/products/cf7ltoc3dhtb1fkasnrg.webp'),(103,35,'https://res.cloudinary.com/martfury/image/upload/v1702880892/products/matwpjmxtkiyw6ldww4u.webp'),(104,35,'https://res.cloudinary.com/martfury/image/upload/v1702880892/products/j3jy4veujnkcauj4c6qp.webp'),(105,35,'https://res.cloudinary.com/martfury/image/upload/v1702880892/products/kyq0fxlfuqhhikjclq2g.webp'),(106,36,'https://res.cloudinary.com/martfury/image/upload/v1702881026/products/apqhviond2dapvl47790.webp'),(107,36,'https://res.cloudinary.com/martfury/image/upload/v1702881026/products/pu9zwc0t3hrbig0i62hk.webp'),(108,36,'https://res.cloudinary.com/martfury/image/upload/v1702881026/products/tyjbbptdlumf3ij8qqx4.webp'),(109,37,'https://res.cloudinary.com/martfury/image/upload/v1702907391/products/zhuwwnexhzqg3snazj5g.jpg'),(110,37,'https://res.cloudinary.com/martfury/image/upload/v1702907392/products/isciwnfejdu2m12tulwq.jpg'),(111,37,'https://res.cloudinary.com/martfury/image/upload/v1702907392/products/mtjwrpkwav21mryhvwi3.jpg'),(112,38,'https://res.cloudinary.com/martfury/image/upload/v1702907518/products/ix6r01v9yvrbd2bamyvd.jpg'),(113,38,'https://res.cloudinary.com/martfury/image/upload/v1702907518/products/xvn7palztfp4br5pai62.jpg'),(114,38,'https://res.cloudinary.com/martfury/image/upload/v1702907520/products/sopx2xxzritp9erqme8x.jpg'),(115,39,'https://res.cloudinary.com/martfury/image/upload/v1702907690/products/zpwkhmrn6nbjwegatwgk.jpg'),(116,39,'https://res.cloudinary.com/martfury/image/upload/v1702907691/products/cnsuoarwr6jbnrfgxlu2.jpg'),(117,39,'https://res.cloudinary.com/martfury/image/upload/v1702907692/products/fhamgkmckni172mdsahi.jpg'),(118,40,'https://res.cloudinary.com/martfury/image/upload/v1702908005/products/y9muxbrpx9gdjlrxcnfs.jpg'),(119,40,'https://res.cloudinary.com/martfury/image/upload/v1702907992/products/vqhj4jjtq2zdfjkbtrig.jpg'),(120,40,'https://res.cloudinary.com/martfury/image/upload/v1702908006/products/dz35zf5ano4ih3wumva6.jpg'),(121,41,'https://res.cloudinary.com/martfury/image/upload/v1702908162/products/l0orjz154tacpan9ouut.jpg'),(122,41,'https://res.cloudinary.com/martfury/image/upload/v1702908163/products/pyv3ujp5yvbr7l31zptd.jpg'),(123,41,'https://res.cloudinary.com/martfury/image/upload/v1702908164/products/wcblfn5wi30owx5ttll8.jpg'),(124,42,'https://res.cloudinary.com/martfury/image/upload/v1702908385/products/r6l6nkkgmhfmdb6wp3hu.jpg'),(125,42,'https://res.cloudinary.com/martfury/image/upload/v1702908385/products/mx0zqadwdrfxua7ixdrh.jpg'),(126,42,'https://res.cloudinary.com/martfury/image/upload/v1702908385/products/al3ctapsyidqk8n6hv43.jpg'),(127,43,'https://res.cloudinary.com/martfury/image/upload/v1702907270/products/oklmpmryka16z3150yd0.jpg'),(128,43,'https://res.cloudinary.com/martfury/image/upload/v1702907272/products/k13yetcblxnx69su8ow9.jpg'),(129,43,'https://res.cloudinary.com/martfury/image/upload/v1702907271/products/rjzhvol3gnfkspe7h9fo.jpg'),(130,44,'https://res.cloudinary.com/martfury/image/upload/v1702906889/products/y734mcrungldcnvzuuzl.jpg'),(131,44,'https://res.cloudinary.com/martfury/image/upload/v1702906888/products/m1koowinjieehugnofzi.jpg'),(132,44,'https://res.cloudinary.com/martfury/image/upload/v1702906891/products/moqzjfqtc4hxp6nsaee9.jpg'),(133,45,'https://res.cloudinary.com/martfury/image/upload/v1702906084/products/knca98xqvdfwtjcrj2pn.jpg'),(134,45,'https://res.cloudinary.com/martfury/image/upload/v1702906084/products/db0pukrtkwohmgqwh3ul.jpg'),(135,45,'https://res.cloudinary.com/martfury/image/upload/v1702906084/products/bjlicfrylowatimdoisg.jpg'),(136,46,'https://res.cloudinary.com/martfury/image/upload/v1702905383/products/cxe73qd1bjwuqdkgpbx2.jpg'),(137,46,'https://res.cloudinary.com/martfury/image/upload/v1702905383/products/b53lwhk8cmtxhtdpsojn.jpg'),(138,46,'https://res.cloudinary.com/martfury/image/upload/v1702905385/products/gwr41gklawfeghrfksjx.jpg'),(139,47,'https://res.cloudinary.com/martfury/image/upload/v1702905063/products/k1qfn9l15awlthr6xask.jpg'),(140,47,'https://res.cloudinary.com/martfury/image/upload/v1702905062/products/fn8mp23xmge9wvizjblw.jpg'),(141,47,'https://res.cloudinary.com/martfury/image/upload/v1702905064/products/kscjojosk7trt2diy4t7.jpg'),(142,48,'https://res.cloudinary.com/martfury/image/upload/v1702904831/products/slodejzizmm6fnts9adr.jpg'),(143,48,'https://res.cloudinary.com/martfury/image/upload/v1702904831/products/gj2a0wx3f0pjvve5m5n0.jpg'),(144,48,'https://res.cloudinary.com/martfury/image/upload/v1702904831/products/tb38uptgwqhks0ihzw3f.jpg'),(145,49,'https://res.cloudinary.com/martfury/image/upload/v1702904552/products/sdd9gk3i3aacq6pn0whd.jpg'),(146,49,'https://res.cloudinary.com/martfury/image/upload/v1702904552/products/qwveba3i7vg1gj9agxxr.jpg'),(147,49,'https://res.cloudinary.com/martfury/image/upload/v1702904553/products/n962hynyetkai1mh2uvm.jpg'),(148,50,'https://res.cloudinary.com/martfury/image/upload/v1702904390/products/dcdocalv2aqlb0son2xm.jpg'),(149,50,'https://res.cloudinary.com/martfury/image/upload/v1702904391/products/esvmconmcbrfl9hn2br7.jpg'),(150,50,'https://res.cloudinary.com/martfury/image/upload/v1702904391/products/svz3dr4cuzxvos9tqjyv.jpg'),(151,51,'https://res.cloudinary.com/martfury/image/upload/v1702904163/products/vst2pbypoxal9y2pnyqu.jpg'),(152,51,'https://res.cloudinary.com/martfury/image/upload/v1702904163/products/xaczy8saxsmdnttsycn7.jpg'),(153,51,'https://res.cloudinary.com/martfury/image/upload/v1702904163/products/ka7ktiecazz0jbzyi47u.jpg'),(154,52,'https://res.cloudinary.com/martfury/image/upload/v1702904004/products/bzsqmr7m9gzfzrotni6c.jpg'),(155,52,'https://res.cloudinary.com/martfury/image/upload/v1702904007/products/hjm73zcstxsf6ufw7wws.jpg'),(156,52,'https://res.cloudinary.com/martfury/image/upload/v1702904005/products/kei4qfazlgrgathtqxlo.jpg'),(157,53,'https://res.cloudinary.com/martfury/image/upload/v1702902850/products/az3bjgdcsy33ghtyldzs.jpg'),(158,53,'https://res.cloudinary.com/martfury/image/upload/v1702902851/products/pjasl6wcjahukrz64q0k.jpg'),(159,53,'https://res.cloudinary.com/martfury/image/upload/v1702902851/products/myxisj9tly7kw4dnanmh.jpg'),(160,54,'https://res.cloudinary.com/martfury/image/upload/v1702902690/products/tbp2ircmt6t7yko3oghr.jpg'),(161,54,'https://res.cloudinary.com/martfury/image/upload/v1702902691/products/udrys5rh0fe0qbgnl09n.jpg'),(162,54,'https://res.cloudinary.com/martfury/image/upload/v1702902691/products/diftsq2f0cs7fclpguuo.jpg'),(163,55,'https://res.cloudinary.com/martfury/image/upload/v1702902542/products/mfzlrullho5zdepyxcbo.jpg'),(164,55,'https://res.cloudinary.com/martfury/image/upload/v1702902542/products/btpq16dfjtbufuxv7hly.jpg'),(165,55,'https://res.cloudinary.com/martfury/image/upload/v1702902542/products/aozvcsppfbsfaldptxx3.jpg'),(166,56,'https://res.cloudinary.com/martfury/image/upload/v1702881275/products/yy04ispfpxesty2qgtvv.webp'),(167,56,'https://res.cloudinary.com/martfury/image/upload/v1702881275/products/x4llisfyjydetc5ioatc.webp'),(168,56,'https://res.cloudinary.com/martfury/image/upload/v1702881275/products/eu6i8nbsbvmq9vcwpb5t.webp'),(169,57,'https://res.cloudinary.com/martfury/image/upload/v1702881395/products/wisu5g066cvgmfbtkeup.webp'),(170,57,'https://res.cloudinary.com/martfury/image/upload/v1702881392/products/qo84nf5d1hbpiy1sskod.webp'),(171,57,'https://res.cloudinary.com/martfury/image/upload/v1702881399/products/b33cejcfkbwhx0unxlax.webp'),(172,58,'https://res.cloudinary.com/martfury/image/upload/v1702881535/products/fvvsnmmprmwh8ssq9hdd.webp'),(173,58,'https://res.cloudinary.com/martfury/image/upload/v1702881535/products/sxitoirnf4iuxkpegvqp.webp'),(174,58,'https://res.cloudinary.com/martfury/image/upload/v1702881535/products/itn5wdfu2u7dsedpmlfi.webp'),(175,59,'https://res.cloudinary.com/martfury/image/upload/v1702881639/products/ludxn5qatr41od1uns9d.webp'),(176,59,'https://res.cloudinary.com/martfury/image/upload/v1702881639/products/wdkseps9nglh6uht1dlx.webp'),(177,59,'https://res.cloudinary.com/martfury/image/upload/v1702881639/products/feekucwxqocxrr44va9i.webp'),(178,60,'https://res.cloudinary.com/martfury/image/upload/v1702881810/products/grb2imwlza0aybisjpxn.webp'),(179,60,'https://res.cloudinary.com/martfury/image/upload/v1702881811/products/nmlcqdnihiyobah9xhhc.webp'),(180,60,'https://res.cloudinary.com/martfury/image/upload/v1702881810/products/pyvmh1twni6jzqo8bztn.webp'),(181,3,'https://res.cloudinary.com/martfury/image/upload/v1702874540/products/hm0rjbkkvugszsuu07fu.webp'),(182,3,'https://res.cloudinary.com/martfury/image/upload/v1702874542/products/rs23glqksjgkgokfhlux.webp'),(183,4,'https://res.cloudinary.com/martfury/image/upload/v1702875009/products/slrokktfmolqzablqn17.webp'),(184,4,'https://res.cloudinary.com/martfury/image/upload/v1702874997/products/y2lb9h1xtiskr7i8dkgh.webp'),(185,5,'https://res.cloudinary.com/martfury/image/upload/v1702875322/products/rb419diakoxhptroeloy.webp'),(186,5,'https://res.cloudinary.com/martfury/image/upload/v1702875325/products/tjvc4m6uocvsk0asz0cn.webp'),(187,6,'https://res.cloudinary.com/martfury/image/upload/v1702875509/products/wuaozhhupkhe6gcak0ll.webp'),(188,6,'https://res.cloudinary.com/martfury/image/upload/v1702875509/products/fn6t7mmzan6shywhryg8.webp'),(189,7,'https://res.cloudinary.com/martfury/image/upload/v1702875883/products/qsywitxigbebxbsu03st.webp'),(190,7,'https://res.cloudinary.com/martfury/image/upload/v1702875883/products/zfxjqt6iegkxdgl2npp0.webp'),(191,8,'https://res.cloudinary.com/martfury/image/upload/v1702876031/products/tqw9hn79ew9wyirsgo0n.jpg'),(192,8,'https://res.cloudinary.com/martfury/image/upload/v1702876030/products/ppa5lcggfpxnc7zgeh8u.jpg'),(193,9,'https://res.cloudinary.com/martfury/image/upload/v1702876257/products/nx4acbbtcsnys1gawdxd.webp'),(194,9,'https://res.cloudinary.com/martfury/image/upload/v1702876258/products/z7bcgq1xhyyn9vxlkwdr.webp'),(195,10,'https://res.cloudinary.com/martfury/image/upload/v1702876414/products/vye21dvsyutn6uzdqetm.webp'),(196,10,'https://res.cloudinary.com/martfury/image/upload/v1702876416/products/d7nqczbicyy3mffdiooz.webp'),(197,11,'https://res.cloudinary.com/martfury/image/upload/v1702876524/products/crrvn8si4sbxu0pcvahh.webp'),(198,11,'https://res.cloudinary.com/martfury/image/upload/v1702876524/products/zroo8gk8dhzqo06ndgmi.webp'),(199,12,'https://res.cloudinary.com/martfury/image/upload/v1702876742/products/i6lwrgswnysjpxs2i1zp.webp'),(200,12,'https://res.cloudinary.com/martfury/image/upload/v1702876742/products/awby6hpvsdiblcu8uqzr.webp'),(201,13,'https://res.cloudinary.com/martfury/image/upload/v1702876916/products/illwhbn6fy1nbkkrugce.webp'),(202,13,'https://res.cloudinary.com/martfury/image/upload/v1702876919/products/hbrqcvi3f37fg5odmniz.webp'),(203,14,'https://res.cloudinary.com/martfury/image/upload/v1702877145/products/s9fc9bd9mszupnxllmlj.webp'),(204,14,'https://res.cloudinary.com/martfury/image/upload/v1702877146/products/kaxnrvfaqc3ogs6olexw.webp'),(205,15,'https://res.cloudinary.com/martfury/image/upload/v1702877301/products/eh60pkmzmnd1lyxhynpo.webp'),(206,15,'https://res.cloudinary.com/martfury/image/upload/v1702877301/products/onxf57xa4nx5wor1exiz.jpg'),(207,16,'https://res.cloudinary.com/martfury/image/upload/v1702877649/products/m8sljlo9oli7puhrnuwu.webp'),(208,16,'https://res.cloudinary.com/martfury/image/upload/v1702877652/products/i6in0oqu2u9eulcvvp36.webp'),(209,17,'https://res.cloudinary.com/martfury/image/upload/v1702877782/products/vxedpgmh9yqxj2iuhjbw.webp'),(210,17,'https://res.cloudinary.com/martfury/image/upload/v1702877781/products/h8wo5bexukk6bcmjrema.webp'),(211,18,'https://res.cloudinary.com/martfury/image/upload/v1702878395/products/uddvzvigh4h4obpmwjww.jpg'),(212,18,'https://res.cloudinary.com/martfury/image/upload/v1702878395/products/wmbinlb74orkuvmre4kj.jpg'),(213,19,'https://res.cloudinary.com/martfury/image/upload/v1702878558/products/pydqdy7rdryqyf8dhcaq.jpg'),(214,19,'https://res.cloudinary.com/martfury/image/upload/v1702878558/products/hugtglzpx9avtnpzrmsf.jpg'),(215,20,'https://res.cloudinary.com/martfury/image/upload/v1702878687/products/vvob975nan9dfcllcehj.jpg'),(216,20,'https://res.cloudinary.com/martfury/image/upload/v1702878686/products/ev9asctr2dhbvcyxhb1a.jpg'),(217,21,'https://res.cloudinary.com/martfury/image/upload/v1702878824/products/pllnup09887h1vpojl00.jpg'),(218,21,'https://res.cloudinary.com/martfury/image/upload/v1702878824/products/ybuy5sk7svpuqa66gkap.jpg'),(219,22,'https://res.cloudinary.com/martfury/image/upload/v1702878967/products/l591ivvzqrdmnpobk7wn.jpg'),(220,22,'https://res.cloudinary.com/martfury/image/upload/v1702878967/products/hgvmd2faxvqqwhyyvc7y.jpg'),(221,23,'https://res.cloudinary.com/martfury/image/upload/v1703044686/products/eloc18mkws2vsojp7kks.jpg'),(222,23,'https://res.cloudinary.com/martfury/image/upload/v1703044687/products/ml6cranuzq9aowfv5q6e.jpg'),(223,24,'https://res.cloudinary.com/martfury/image/upload/v1702879355/products/menkazqz8xkebtkmizkc.jpg'),(224,24,'https://res.cloudinary.com/martfury/image/upload/v1702879357/products/mgsvevxxqg3hgmqduusv.jpg'),(225,25,'https://res.cloudinary.com/martfury/image/upload/v1702879470/products/fqjyzltybtg4jerfzxx1.jpg'),(226,25,'https://res.cloudinary.com/martfury/image/upload/v1702879469/products/bnrxasjk4jdestfuybzw.jpg'),(227,26,'https://res.cloudinary.com/martfury/image/upload/v1702879629/products/xd8b47txurcg3i95jjti.webp'),(228,26,'https://res.cloudinary.com/martfury/image/upload/v1702879628/products/nfe9gp8vdxj5duwf5aem.webp'),(229,27,'https://res.cloudinary.com/martfury/image/upload/v1702879758/products/lhdzwn1ms47hjbih7cge.webp'),(230,27,'https://res.cloudinary.com/martfury/image/upload/v1702879758/products/ti9iyxn9ogjiz2np5sus.webp'),(231,28,'https://res.cloudinary.com/martfury/image/upload/v1702879874/products/culyxxwfgi3pvb3awgqc.webp'),(232,28,'https://res.cloudinary.com/martfury/image/upload/v1702879873/products/xbaednuyaacgvwtvzaol.webp'),(233,29,'https://res.cloudinary.com/martfury/image/upload/v1702880014/products/ztopid0qfsyt3dgu1rgq.webp'),(234,29,'https://res.cloudinary.com/martfury/image/upload/v1702880015/products/osfdaw3n7ab2kownxlyu.webp'),(235,30,'https://res.cloudinary.com/martfury/image/upload/v1702880134/products/xm1u0tz1upybpcrjkqf8.webp'),(236,30,'https://res.cloudinary.com/martfury/image/upload/v1702880133/products/w2iwpx0hssdlkyigusce.webp'),(237,31,'https://res.cloudinary.com/martfury/image/upload/v1702880238/products/zdsvqudvowhyezspf1j3.webp'),(238,31,'https://res.cloudinary.com/martfury/image/upload/v1702880239/products/ej5gbihv106za15gejbn.webp'),(239,32,'https://res.cloudinary.com/martfury/image/upload/v1702880358/products/jgs4ge6ggeej3uwhoawg.webp'),(240,32,'https://res.cloudinary.com/martfury/image/upload/v1702880357/products/crmqans6ftfy4so2pyde.webp'),(241,33,'https://res.cloudinary.com/martfury/image/upload/v1702880567/products/lkhqhga179wc9fmh3gmf.webp'),(242,33,'https://res.cloudinary.com/martfury/image/upload/v1702880567/products/uintzitx9ed7mdr1jkwf.webp'),(243,34,'https://res.cloudinary.com/martfury/image/upload/v1702880762/products/fpoozd2iqzb9osdlvyzc.webp'),(244,34,'https://res.cloudinary.com/martfury/image/upload/v1702880763/products/ztv6eebf5kwlb1zcdty1.webp'),(245,35,'https://res.cloudinary.com/martfury/image/upload/v1702880892/products/vvnx4dzvjdsxij6gjzfr.webp'),(246,35,'https://res.cloudinary.com/martfury/image/upload/v1702880891/products/qkxjwmohjc7elximgg7a.webp'),(247,36,'https://res.cloudinary.com/martfury/image/upload/v1702881026/products/usroui8oe10uyvaqwybo.webp'),(248,36,'https://res.cloudinary.com/martfury/image/upload/v1702881025/products/xqabgxcl13h8oequs9em.webp'),(249,37,'https://res.cloudinary.com/martfury/image/upload/v1702907391/products/cxqmuyhdd3hzmqdmeawg.jpg'),(250,37,'https://res.cloudinary.com/martfury/image/upload/v1702907391/products/exqm6avxzzivnnsl1uvs.jpg'),(251,38,'https://res.cloudinary.com/martfury/image/upload/v1702907520/products/trju2vy3veg8tseec3te.jpg'),(252,38,'https://res.cloudinary.com/martfury/image/upload/v1702907518/products/zfhodffjk0loigvugjqs.jpg'),(253,39,'https://res.cloudinary.com/martfury/image/upload/v1702907693/products/jvpgmst1uei8go6qfjck.jpg'),(254,39,'https://res.cloudinary.com/martfury/image/upload/v1702907693/products/h77iglb19syjhtxkcsyo.jpg'),(255,40,'https://res.cloudinary.com/martfury/image/upload/v1702908006/products/cylrmrqhh2k44lne73wh.jpg'),(256,40,'https://res.cloudinary.com/martfury/image/upload/v1702908011/products/mjj9yssiewsz3cjdxgnq.jpg'),(257,41,'https://res.cloudinary.com/martfury/image/upload/v1702908165/products/cog5gwgkkplh3wtnxb0r.jpg'),(258,41,'https://res.cloudinary.com/martfury/image/upload/v1702908166/products/mnkz7d3iej0vkbt2il7g.jpg'),(259,42,'https://res.cloudinary.com/martfury/image/upload/v1702908385/products/lcsxbyvev4bzk3cg7zj9.jpg'),(260,42,'https://res.cloudinary.com/martfury/image/upload/v1702908386/products/yfig9bgjbghjuxz2ipmf.jpg'),(261,43,'https://res.cloudinary.com/martfury/image/upload/v1702907271/products/ysa26eb2yq9ng476dpw1.jpg'),(262,43,'https://res.cloudinary.com/martfury/image/upload/v1702907271/products/as5h0x4z3szm1u4bmq5h.jpg'),(263,44,'https://res.cloudinary.com/martfury/image/upload/v1702906889/products/ikkce64obzdds9gkessd.jpg'),(264,44,'https://res.cloudinary.com/martfury/image/upload/v1702906890/products/msvuacmld23pxtcamvy2.jpg'),(265,45,'https://res.cloudinary.com/martfury/image/upload/v1702906084/products/rocbqgy7bq6u49awxomg.jpg'),(266,45,'https://res.cloudinary.com/martfury/image/upload/v1702906085/products/j7uuwxkrqbqgan2tdfdc.jpg'),(267,46,'https://res.cloudinary.com/martfury/image/upload/v1702905385/products/ox7evnliqhbbytmdoftv.jpg'),(268,46,'https://res.cloudinary.com/martfury/image/upload/v1702905383/products/bcxcqjzlauoifrbmqs2m.jpg'),(269,47,'https://res.cloudinary.com/martfury/image/upload/v1702905064/products/ypqpypevgghumwc6gpy4.jpg'),(270,47,'https://res.cloudinary.com/martfury/image/upload/v1702905064/products/g2t5d52x4wbtiap1zmrg.jpg'),(271,48,'https://res.cloudinary.com/martfury/image/upload/v1702904832/products/swqhudngyktorjvirvkb.jpg'),(272,48,'https://res.cloudinary.com/martfury/image/upload/v1702904834/products/vrtuqq7bsiqpye7hrvfs.jpg'),(273,49,'https://res.cloudinary.com/martfury/image/upload/v1702904553/products/q6uojym4vhgrd5er0gdi.jpg'),(274,49,'https://res.cloudinary.com/martfury/image/upload/v1702904553/products/uphbxi2w8kti4de0t3uv.jpg'),(275,50,'https://res.cloudinary.com/martfury/image/upload/v1702904391/products/iv9l7nqnrmfys6bwkqcf.jpg'),(276,50,'https://res.cloudinary.com/martfury/image/upload/v1702904389/products/uwngcvy5tiospc08lidq.jpg'),(277,51,'https://res.cloudinary.com/martfury/image/upload/v1702904163/products/dcvwh7eejyftpai8fqv7.jpg'),(278,51,'https://res.cloudinary.com/martfury/image/upload/v1702904163/products/g2f4o9brighvmneuavup.jpg'),(279,52,'https://res.cloudinary.com/martfury/image/upload/v1702904004/products/kpqeoun6jjseydddb5z0.jpg'),(280,52,'https://res.cloudinary.com/martfury/image/upload/v1702904005/products/ori0cw49t5lxs119em16.jpg'),(281,53,'https://res.cloudinary.com/martfury/image/upload/v1702902853/products/t87lwhthko0uz3ivdsav.jpg'),(282,53,'https://res.cloudinary.com/martfury/image/upload/v1702902852/products/leipvcjaicbvfaou80xy.jpg'),(283,54,'https://res.cloudinary.com/martfury/image/upload/v1702902693/products/n7uiulrq1be4vu8ioc6s.jpg'),(284,54,'https://res.cloudinary.com/martfury/image/upload/v1702902690/products/wflcvmpzxvd86bp4st6q.jpg'),(285,55,'https://res.cloudinary.com/martfury/image/upload/v1702902543/products/q9tjohxsgoz8sasgyvgi.jpg'),(286,55,'https://res.cloudinary.com/martfury/image/upload/v1702902543/products/znbbzqdw6ebcy4fxel00.jpg'),(287,56,'https://res.cloudinary.com/martfury/image/upload/v1702881275/products/ucwgomkftdj0eftxox2w.webp'),(288,56,'https://res.cloudinary.com/martfury/image/upload/v1702881275/products/rgrkuhecsyyckh4epzoc.webp'),(289,57,'https://res.cloudinary.com/martfury/image/upload/v1702881393/products/vlpjsxrpsfhnpefwwakx.webp'),(290,57,'https://res.cloudinary.com/martfury/image/upload/v1702881397/products/xulzjnhx2qjutwzapqpq.webp'),(291,58,'https://res.cloudinary.com/martfury/image/upload/v1702881535/products/fqyhv0jcjduiwozn4maa.webp'),(292,58,'https://res.cloudinary.com/martfury/image/upload/v1702881536/products/lhrmd63dzs12shqbf7dg.webp'),(293,59,'https://res.cloudinary.com/martfury/image/upload/v1702881639/products/piqntdb6oni46mbitwwu.webp'),(294,59,'https://res.cloudinary.com/martfury/image/upload/v1702881639/products/vbla0lodmznpyxd52vxk.webp'),(295,60,'https://res.cloudinary.com/martfury/image/upload/v1702881810/products/fd0zkjw8wb20ibyc8lu0.webp'),(296,60,'https://res.cloudinary.com/martfury/image/upload/v1702881810/products/exrvkcmch4s5wftxf3qa.webp'),(332,156,'https://res.cloudinary.com/martfury/image/upload/v1702902159/products/htb8raxy8vd915v1wlmz.webp'),(333,156,'https://res.cloudinary.com/martfury/image/upload/v1702902157/products/krlnxslfvl6icwmxoq2g.webp'),(334,156,'https://res.cloudinary.com/martfury/image/upload/v1702902157/products/a9jhhuzuskmq6jkao7c0.webp'),(335,156,'https://res.cloudinary.com/martfury/image/upload/v1702902163/products/omdxgwid6wkrlac9av70.webp'),(336,156,'https://res.cloudinary.com/martfury/image/upload/v1702902163/products/fwlpesrqau5n8imalv4q.webp');
/*!40000 ALTER TABLE `images` ENABLE KEYS */;
UNLOCK TABLES;

--
-- Table structure for table `notification`
--

DROP TABLE IF EXISTS `notification`;
/*!40101 SET @saved_cs_client     = @@character_set_client */;
/*!50503 SET character_set_client = utf8mb4 */;
CREATE TABLE `notification` (
  `id` bigint(20) NOT NULL AUTO_INCREMENT,
  `message` varchar(255) COLLATE utf8mb4_unicode_ci DEFAULT NULL,
  `status` bit(1) DEFAULT NULL,
  `time` datetime DEFAULT NULL,
  PRIMARY KEY (`id`)
) ENGINE=InnoDB AUTO_INCREMENT=87 DEFAULT CHARSET=utf8mb4 COLLATE=utf8mb4_unicode_ci;
/*!40101 SET character_set_client = @saved_cs_client */;

--
-- Dumping data for table `notification`
--

LOCK TABLES `notification` WRITE;
/*!40000 ALTER TABLE `notification` DISABLE KEYS */;
INSERT INTO `notification` VALUES (1,'Trần Hữu Đồng đã đặt một đơn hàng (1)',_binary '','2022-03-20 22:18:21'),(2,'Trần Hữu Đồng đã đặt một đơn hàng (2)',_binary '','2022-03-20 22:38:14'),(3,'Trần Hữu Đồng đã đặt một đơn hàng (3)',_binary '','2022-03-20 22:47:49'),(4,'Trần Hữu Đồng đã đặt một đơn hàng (4)',_binary '','2022-03-20 22:54:49'),(5,'Trần Hữu Đồng đã đặt một đơn hàng (5)',_binary '','2022-03-20 23:11:09'),(6,'Trần Hữu Đồng đã đặt một đơn hàng (6)',_binary '','2022-03-20 23:16:10'),(7,'Trần Hữu Đồng đã đặt một đơn hàng (7)',_binary '','2022-03-20 23:29:46'),(8,'Trần Hữu Đồng đã đặt một đơn hàng (8)',_binary '','2022-03-20 23:31:38'),(9,'Trần Thảo Chi đã đặt một đơn hàng (9)',_binary '','2022-03-23 20:53:51'),(10,'Trần Thảo Chi đã đặt một đơn hàng (10)',_binary '','2022-03-23 20:55:25'),(11,'Trần Hữu Đồng đã đặt một đơn hàng (11)',_binary '','2023-04-01 14:15:20'),(12,'ThuyDT đã đặt một đơn hàng (12)',_binary '','2023-04-01 22:32:22'),(13,'ThuyDT đã đặt một đơn hàng (13)',_binary '','2023-04-04 16:09:52'),(14,'ThuyDT đã đặt một đơn hàng (14)',_binary '','2023-04-08 16:47:18'),(15,'ThuyDT đã đặt một đơn hàng (15)',_binary '','2023-04-08 18:03:43'),(16,'ThuyDT đã đặt một đơn hàng (16)',_binary '','2023-04-08 21:18:26'),(17,'ThuyDT đã đặt một đơn hàng (17)',_binary '','2023-04-14 09:43:35'),(18,'ThuyDT đã đặt một đơn hàng (18)',_binary '','2023-04-16 17:49:54'),(19,'ThuyDT đã đặt một đơn hàng (19)',_binary '','2023-04-16 22:22:33'),(20,'ThuyDT đã đặt một đơn hàng (20)',_binary '','2023-04-16 22:32:46'),(21,'ThuyDT đã đặt một đơn hàng (21)',_binary '','2023-04-16 22:44:03'),(22,'ThuyDT đã đặt một đơn hàng (22)',_binary '','2023-04-16 22:49:36'),(23,'ThuyDT đã đặt một đơn hàng (23)',_binary '','2023-04-18 10:24:10'),(24,'ThuyDT đã đặt một đơn hàng (24)',_binary '','2023-04-20 12:48:52'),(25,'ThuyDT đã đặt một đơn hàng (25)',_binary '','2023-04-20 13:40:20'),(26,'ThuyDT đã đặt một đơn hàng (26)',_binary '','2023-04-20 13:50:28'),(27,'ThuyDT đã đặt một đơn hàng (27)',_binary '','2023-04-20 13:52:34'),(28,'ThuyDT đã đặt một đơn hàng (28)',_binary '','2023-04-20 14:06:15'),(29,'ThuyDT đã đặt một đơn hàng (29)',_binary '','2023-04-20 15:23:18'),(30,'ThuyDT đã đặt một đơn hàng (30)',_binary '','2023-04-20 15:25:54'),(31,'ThuyDT đã đặt một đơn hàng (31)',_binary '','2023-04-20 16:05:06'),(32,'ThuyDT đã đặt một đơn hàng (32)',_binary '','2023-04-20 16:27:26'),(33,'ThuyDT đã đặt một đơn hàng (33)',_binary '','2023-04-20 16:51:05'),(34,'ThuyDT đã đặt một đơn hàng (34)',_binary '','2023-04-20 17:03:49'),(35,'ThuyDT đã đặt một đơn hàng (35)',_binary '','2023-04-20 17:10:45'),(36,'ThuyDT đã đặt một đơn hàng (36)',_binary '','2023-04-20 17:16:24'),(37,'ThuyDT đã đặt một đơn hàng (37)',_binary '','2023-04-20 17:22:55'),(38,'ThuyDT đã đặt một đơn hàng (38)',_binary '','2023-04-20 17:28:10'),(39,'ThuyDT đã đặt một đơn hàng (39)',_binary '','2023-04-21 10:08:28'),(40,'ThuyDT đã đặt một đơn hàng (40)',_binary '','2023-04-25 13:50:35'),(41,'ThuyDT đã đặt một đơn hàng (41)',_binary '','2023-04-25 13:55:52'),(42,'ThuyDT đã đặt một đơn hàng (42)',_binary '','2023-04-25 14:01:36'),(43,'ThuyDT đã đặt một đơn hàng (43)',_binary '','2023-04-25 14:08:45'),(44,'ThuyDT đã đặt một đơn hàng (44)',_binary '','2023-04-25 14:53:07'),(45,'thuydt.27092001@gmail.com đã đặt một đơn hàng (45)',_binary '','2023-04-25 15:11:03'),(46,'thuydt.27092001@gmail.com đã đặt một đơn hàng (46)',_binary '','2023-04-25 20:18:34'),(47,'ThuyDT đã đặt một đơn hàng (47)',_binary '','2023-04-28 10:26:00'),(48,'thuy đã huỷ một đơn hàng (46)',_binary '','2023-05-02 20:44:23'),(49,'thuy đã huỷ một đơn hàng (45)',_binary '','2023-05-02 20:57:50'),(50,'ThuyDT đã đặt một đơn hàng (48)',_binary '','2023-05-03 17:48:14'),(51,'ThuyDT đã đặt một đơn hàng (49)',_binary '','2023-05-06 01:23:48'),(52,'ThuyDT đã đặt một đơn hàng (50)',_binary '','2023-05-06 16:28:16'),(53,'ThuyDT đã đặt một đơn hàng (51)',_binary '','2023-05-06 16:33:06'),(54,'ThuyDT đã đặt một đơn hàng (52)',_binary '','2023-05-06 16:40:23'),(55,'ThuyDT đã đặt một đơn hàng (53)',_binary '','2023-05-06 16:41:34'),(56,'ThuyDT đã đặt một đơn hàng (54)',_binary '','2023-05-06 16:42:22'),(57,'ThuyDT đã đặt một đơn hàng (55)',_binary '','2023-05-06 16:45:02'),(58,'ThuyDT đã đặt một đơn hàng (56)',_binary '','2023-05-06 16:48:10'),(59,'ThuyDT đã đặt một đơn hàng (57)',_binary '','2023-05-06 16:49:22'),(60,'ThuyDT đã đặt một đơn hàng (58)',_binary '','2023-05-06 16:52:50'),(61,'ThuyDT đã đặt một đơn hàng (59)',_binary '','2023-05-06 17:13:44'),(62,'ThuyDT đã đặt một đơn hàng (60)',_binary '','2023-05-06 17:23:07'),(63,'ThuyDT đã huỷ một đơn hàng (60)',_binary '','2023-05-06 17:24:53'),(64,'ThuyDT đã đặt một đơn hàng (61)',_binary '','2023-05-06 18:07:30'),(65,'ThuyDT đã đặt một đơn hàng (62)',_binary '','2023-05-06 18:20:34'),(66,'ThuyDT đã đặt một đơn hàng (63)',_binary '','2023-05-07 00:00:14'),(67,'ThuyDT đã đặt một đơn hàng (64)',_binary '','2023-05-07 00:13:19'),(68,'ThuyDT đã đặt một đơn hàng (65)',_binary '','2023-05-07 00:22:03'),(69,'ThuyDT đã đặt một đơn hàng (66)',_binary '','2023-05-07 00:26:07'),(70,'ThuyDT đã đặt một đơn hàng (67)',_binary '','2023-05-07 00:36:26'),(71,'ThuyDT đã đặt một đơn hàng (68)',_binary '','2023-05-07 19:06:19'),(72,'ThuyDT đã đặt một đơn hàng (69)',_binary '','2023-05-09 21:46:25'),(73,'ThuyDT đã đặt một đơn hàng (70)',_binary '','2023-05-12 12:41:36'),(74,'ThuyDT đã huỷ một đơn hàng (69)',_binary '','2023-05-12 13:52:58'),(75,'ThuyDT đã đặt một đơn hàng (71)',_binary '\0','2023-05-15 16:56:36'),(76,'ThuyDT đã đặt một đơn hàng (73)',_binary '\0','2023-05-17 17:25:07'),(77,'ThuyDT đã đặt một đơn hàng (74)',_binary '\0','2023-05-17 17:27:11'),(78,'ThuyDT đã đặt một đơn hàng (75)',_binary '\0','2023-05-18 19:04:53'),(79,'ThuyDT đã đặt một đơn hàng (76)',_binary '','2023-05-18 23:43:58'),(80,'Đặng Thanh Tùng đã đặt một đơn hàng (77)',_binary '\0','2023-12-20 12:49:01'),(81,'Đặng Thanh Tùng đã đặt một đơn hàng (78)',_binary '\0','2023-12-20 12:51:41'),(82,'Đặng Thanh Tùng đã đặt một đơn hàng (79)',_binary '\0','2023-12-20 12:53:05'),(83,'Đặng Thanh Tùng đã đặt một đơn hàng (80)',_binary '\0','2023-12-20 12:53:55'),(84,'Đặng Thanh Tùng đã đặt một đơn hàng (81)',_binary '\0','2023-12-20 14:15:38'),(85,'Đặng Thanh Tùng đã đặt một đơn hàng (82)',_binary '\0','2023-12-20 14:16:16'),(86,'Đặng Thanh Tùng đã đặt một đơn hàng (83)',_binary '\0','2023-12-20 14:16:44');
/*!40000 ALTER TABLE `notification` ENABLE KEYS */;
UNLOCK TABLES;

--
-- Table structure for table `order_details`
--

DROP TABLE IF EXISTS `order_details`;
/*!40101 SET @saved_cs_client     = @@character_set_client */;
/*!50503 SET character_set_client = utf8mb4 */;
CREATE TABLE `order_details` (
  `order_detail_id` bigint(20) NOT NULL AUTO_INCREMENT,
  `price` double DEFAULT NULL,
  `quantity` int(11) NOT NULL,
  `order_id` bigint(20) DEFAULT NULL,
  `product_id` bigint(20) DEFAULT NULL,
  `size` varchar(45) COLLATE utf8mb4_unicode_ci DEFAULT NULL,
  PRIMARY KEY (`order_detail_id`),
  KEY `FKjyu2qbqt8gnvno9oe9j2s2ldk` (`order_id`),
  KEY `FK4q98utpd73imf4yhttm3w0eax` (`product_id`),
  CONSTRAINT `FK4q98utpd73imf4yhttm3w0eax` FOREIGN KEY (`product_id`) REFERENCES `products` (`product_id`),
  CONSTRAINT `FKjyu2qbqt8gnvno9oe9j2s2ldk` FOREIGN KEY (`order_id`) REFERENCES `orders` (`orders_id`)
) ENGINE=InnoDB AUTO_INCREMENT=165 DEFAULT CHARSET=utf8mb4 COLLATE=utf8mb4_unicode_ci;
/*!40101 SET character_set_client = @saved_cs_client */;

--
-- Dumping data for table `order_details`
--

LOCK TABLES `order_details` WRITE;
/*!40000 ALTER TABLE `order_details` DISABLE KEYS */;
INSERT INTO `order_details` VALUES (1,25088000,1,1,23,NULL),(2,680200,1,1,27,NULL),(3,29392999.999999996,1,1,51,NULL),(4,43290000,1,1,9,NULL),(5,31000000,1,1,7,NULL),(6,31890000,1,1,5,NULL),(7,716000,1,1,25,NULL),(8,716000,1,1,24,NULL),(9,93000000,3,2,7,NULL),(10,129870000,3,2,8,NULL),(11,52170000,3,2,12,NULL),(12,50670000,3,2,13,NULL),(13,23220000,2,2,55,NULL),(14,4644000,3,2,32,NULL),(15,5092500,3,2,29,NULL),(16,3052800,2,2,28,NULL),(17,716000,1,2,24,NULL),(18,402380,1,2,41,NULL),(19,448799.99999999994,1,2,42,NULL),(20,34790000,1,3,3,NULL),(21,33390000,1,3,4,NULL),(22,31890000,1,3,5,NULL),(23,48990000,1,3,6,NULL),(24,30890000,1,3,10,NULL),(25,43290000,1,3,9,NULL),(26,43290000,1,3,8,NULL),(27,17390000,1,3,12,NULL),(28,50970000,3,4,11,NULL),(29,93000000,3,4,7,NULL),(30,129870000,3,4,9,NULL),(31,129870000,3,4,8,NULL),(32,92670000,3,4,10,NULL),(33,50970000,3,4,14,NULL),(34,50670000,3,4,13,NULL),(35,1980000,3,4,37,NULL),(36,68600,2,4,38,NULL),(37,81900,2,4,39,NULL),(38,14049000,3,4,40,NULL),(39,43180000,2,4,16,NULL),(40,7526400,3,4,21,NULL),(41,71221500,3,4,20,NULL),(42,82290600,3,4,22,NULL),(43,75264000,3,4,23,NULL),(44,29602000,4,4,47,NULL),(45,8982000,2,4,46,NULL),(46,25350000,2,4,52,NULL),(47,58785999.99999999,2,4,51,NULL),(48,9900800,2,4,50,NULL),(49,16580000,2,4,53,NULL),(50,27300000,2,5,36,NULL),(51,1320000,2,6,37,NULL),(52,137200,4,6,38,NULL),(53,163800,4,6,39,NULL),(54,14049000,3,6,40,NULL),(55,5423760,3,6,44,NULL),(56,6029100,3,6,43,NULL),(57,2243999.9999999995,5,6,42,NULL),(58,2414280,6,6,41,NULL),(59,30922500,7,6,45,NULL),(60,2148000,3,6,25,NULL),(61,3346200,5,6,26,NULL),(62,2720800,4,6,27,NULL),(63,3234330,3,6,31,NULL),(64,4074000,3,6,30,NULL),(65,5092500,3,6,29,NULL),(66,2762560,2,6,33,NULL),(67,4644000,3,6,32,NULL),(68,20340450,3,6,34,NULL),(69,32343300,3,6,35,NULL),(70,54600000,4,6,36,NULL),(71,402380,1,7,41,NULL),(72,31890000,1,8,5,NULL),(73,40950000,3,9,36,NULL),(74,66780000,2,9,4,NULL),(75,31890000,1,9,5,NULL),(76,43290000,1,9,8,NULL),(77,2762560,2,10,33,NULL),(78,3096000,2,10,32,NULL),(79,2156220,2,10,31,NULL),(80,43290000,1,11,8,NULL),(81,450000,1,12,3,NULL),(82,900000,2,13,3,NULL),(83,700000,1,14,10,NULL),(84,69000,1,15,53,NULL),(85,21759.999999999996,1,16,42,NULL),(86,450000,1,17,3,NULL),(87,890000,1,17,5,NULL),(88,900000,2,18,3,NULL),(89,1200000,2,18,4,NULL),(90,890000,1,18,5,NULL),(91,130000,1,19,8,NULL),(92,450000,1,20,3,NULL),(93,600000,1,21,4,NULL),(94,450000,1,22,3,NULL),(95,310400,2,23,33,NULL),(96,240000,2,23,7,NULL),(97,670000,1,24,6,NULL),(98,450000,1,25,12,NULL),(99,120000,1,25,13,NULL),(100,120000,1,26,7,NULL),(101,45750,1,27,45,NULL),(102,600000,1,28,4,NULL),(103,120000,1,29,13,NULL),(104,890000,1,30,5,NULL),(105,890000,1,31,5,NULL),(106,600000,1,32,4,NULL),(107,890000,1,33,5,NULL),(108,890000,1,34,5,NULL),(109,600000,1,35,4,NULL),(110,124000,1,36,24,NULL),(111,600000,1,37,4,NULL),(112,890000,1,38,5,NULL),(113,54000,1,39,58,NULL),(114,890000,1,40,5,NULL),(115,581000,1,41,10,NULL),(116,360000,1,42,12,NULL),(117,102000,1,43,7,NULL),(118,124800,1,44,8,NULL),(119,102000,1,45,7,NULL),(120,845500,1,46,5,NULL),(121,405000,1,46,3,NULL),(122,457500,1,47,45,NULL),(123,581000,1,47,10,NULL),(124,368600,2,48,33,NULL),(125,405000,1,49,3,'L'),(126,217599.99999999997,1,50,42,'S'),(127,124800,1,51,8,NULL),(128,409500,1,52,9,'S'),(129,405000,1,53,3,'S'),(130,621000,1,54,53,'S'),(131,534000,1,55,4,'S'),(132,409500,1,56,9,'S'),(133,534000,1,57,4,'S'),(134,534000,1,58,4,'S'),(135,845500,1,59,5,'S'),(136,534000,1,60,4,'S'),(137,112840,1,61,24,'S'),(138,292500,1,62,36,'S'),(139,308000,1,63,37,'S'),(140,250880,1,63,54,'L'),(141,656600,1,64,23,'S'),(142,143780,1,65,48,'XL'),(143,735000,1,66,52,'XL'),(144,184300,1,67,33,'L'),(145,534000,1,68,4,'S'),(146,323000,1,69,34,'S'),(147,323000,1,69,34,'XL'),(148,672000,2,70,56,'S'),(149,279000,1,71,41,'S'),(150,649900,1,71,6,'S'),(151,570000,1,72,60,'M'),(152,502500,1,74,18,'S'),(153,1435200,2,75,57,'S'),(154,534000,1,76,4,'S'),(155,809100,1,77,3,'S'),(156,533110,1,78,4,'42'),(157,3348000,1,78,25,'37'),(158,1315200,1,79,28,'39'),(159,3375000,1,80,52,'S'),(160,581030,1,81,6,'S'),(161,4559000,1,81,16,'S'),(162,2280000,1,81,17,'S'),(163,3643700,1,82,10,'S'),(164,3040000,1,83,47,'S');
/*!40000 ALTER TABLE `order_details` ENABLE KEYS */;
UNLOCK TABLES;

--
-- Table structure for table `orders`
--

DROP TABLE IF EXISTS `orders`;
/*!40101 SET @saved_cs_client     = @@character_set_client */;
/*!50503 SET character_set_client = utf8mb4 */;
CREATE TABLE `orders` (
  `orders_id` bigint(20) NOT NULL AUTO_INCREMENT,
  `address` varchar(255) COLLATE utf8mb4_unicode_ci DEFAULT NULL,
  `amount` double DEFAULT NULL,
  `order_date` datetime DEFAULT NULL,
  `phone` varchar(255) COLLATE utf8mb4_unicode_ci DEFAULT NULL,
  `status` int(11) NOT NULL,
  `user_id` bigint(20) DEFAULT NULL,
  `ship` double DEFAULT NULL,
  PRIMARY KEY (`orders_id`),
  KEY `FK32ql8ubntj5uh44ph9659tiih` (`user_id`),
  CONSTRAINT `FK32ql8ubntj5uh44ph9659tiih` FOREIGN KEY (`user_id`) REFERENCES `users` (`user_id`)
) ENGINE=InnoDB AUTO_INCREMENT=84 DEFAULT CHARSET=utf8mb4 COLLATE=utf8mb4_unicode_ci;
/*!40101 SET character_set_client = @saved_cs_client */;

--
-- Dumping data for table `orders`
--

LOCK TABLES `orders` WRITE;
/*!40000 ALTER TABLE `orders` DISABLE KEYS */;
INSERT INTO `orders` VALUES (1,'68, Phường Gia Thụy, Quận Long Biên, Thành phố Hà Nội',162773200,'2022-03-20 22:18:21','0916891997',2,3,30000),(2,'268, Xã Lương Sơn, Huyện Yên Lập, Tỉnh Phú Thọ',363286480,'2022-03-20 22:38:14','0916891997',2,3,30000),(3,'22, Xã Đàm Thuỷ, Huyện Trùng Khánh, Tỉnh Cao Bằng',283920000,'2022-03-20 22:47:49','0916891997',2,3,30000),(4,'68, Phường Thạch Quý, Thành phố Hà Tĩnh, Tỉnh Hà Tĩnh',1042882800,'2022-03-20 22:54:49','0916891997',2,3,30000),(5,'86, Xã Động Đạt, Huyện Phú Lương, Tỉnh Thái Nguyên',27300000,'2022-03-20 23:11:09','0916891997',2,3,30000),(6,'123, Xã Yên Hòa, Huyện Đà Bắc, Tỉnh Hoà Bình',198009780,'2022-03-20 23:16:10','0916891997',2,3,30000),(7,'123, Xã Phúc Sơn, Huyện Chiêm Hóa, Tỉnh Tuyên Quang',402380,'2022-03-20 23:29:46','0916891997',0,3,30000),(8,'123, Xã Thượng Ân, Huyện Ngân Sơn, Tỉnh Bắc Kạn',31890000,'2022-03-20 23:31:38','0916891997',0,3,30000),(9,'68, Xã Vạn Khánh, Huyện Vạn Ninh, Tỉnh Khánh Hòa',182910000,'2022-03-23 20:53:51','0916855648',2,4,30000),(10,'168, Xã Na Khê, Huyện Yên Minh, Tỉnh Hà Giang',8014780,'2022-03-23 20:55:25','0916855648',2,4,30000),(11,'dd, Phường Đồng Xuân, Quận Hoàn Kiếm, Thành phố Hà Nội',43290000,'2023-04-01 14:15:20','0916891997',0,3,30000),(12,'Số 99, Thắng Lợi - Thường Tín, Xã Thắng Lợi, Huyện Thường Tín, Thành phố Hà Nội',450000,'2023-04-01 22:32:22','0971549770',0,5,30000),(13,'Hà Nội, Xã Phúc Lộc, Huyện Ba Bể, Tỉnh Bắc Kạn',900000,'2023-04-04 16:09:52','0971549770',3,5,30000),(14,'123 xã đàn, Xã Thèn Sin, Huyện Tam Đường, Tỉnh Lai Châu',700000,'2023-04-08 16:47:18','0971549770',1,5,30000),(15,'123 abc, Xã Vĩnh Hưng, Huyện Bình Giang, Tỉnh Hải Dương',69000,'2023-04-08 18:03:43','0971549770',2,5,30000),(16,'6788, Xã Thượng Ân, Huyện Ngân Sơn, Tỉnh Bắc Kạn',21759.999999999996,'2023-04-08 21:18:26','0971549770',1,5,30000),(17,'A90, Xã Tân Lập, Huyện Lục Yên, Tỉnh Yên Bái',1340000,'2023-04-14 09:43:35','0971549770',2,5,30000),(18,'456, Xã Phúc Sơn, Huyện Tân Yên, Tỉnh Bắc Giang',2990000,'2023-04-16 17:49:54','0971549770',0,5,30000),(19,'456, Xã Yến Dương, Huyện Ba Bể, Tỉnh Bắc Kạn',160000,'2023-04-16 22:22:33','0971549770',0,5,30000),(20,'678, Xã Cây Thị, Huyện Đồng Hỷ, Tỉnh Thái Nguyên',450000,'2023-04-16 22:32:46','0971549770',0,5,30000),(21,'789, Xã Nậm Cha, Huyện Sìn Hồ, Tỉnh Lai Châu',900000,'2023-04-16 22:44:03','0971549770',3,5,30000),(22,'678, Xã Quảng Lâm, Huyện Đầm Hà, Tỉnh Quảng Ninh',480000,'2023-04-16 22:49:36','0971549770',0,5,30000),(23,'678, Xã Hà Hiệu, Huyện Ba Bể, Tỉnh Bắc Kạn',580400,'2023-04-18 10:24:10','0971549770',0,5,30000),(24,'số 9 , Thị trấn Đại Đình, Huyện Tam Đảo, Tỉnh Vĩnh Phúc',700000,'2023-04-20 12:48:52','0971549770',2,5,30000),(25,'A09, Xã Minh Dân, Huyện Hàm Yên, Tỉnh Tuyên Quang',600000,'2023-04-20 13:40:20','0971549770',0,5,30000),(26,'345A, Xã Giang Ma, Huyện Tam Đường, Tỉnh Lai Châu',150000,'2023-04-20 13:50:28','0971549770',0,5,30000),(27,'656, Xã Mường Lang, Huyện Phù Yên, Tỉnh Sơn La',75750,'2023-04-20 13:52:34','0971549770',0,5,30000),(28,'862, Xã Ma Ly Pho, Huyện Phong Thổ, Tỉnh Lai Châu',630000,'2023-04-20 14:06:14','0971549770',0,5,30000),(29,'A0, Xã Xuân Lập, Huyện Lâm Bình, Tỉnh Tuyên Quang',150000,'2023-04-20 15:23:18','0971549770',0,5,30000),(30,'567, Xã Ngọc Vân, Huyện Tân Yên, Tỉnh Bắc Giang',920000,'2023-04-20 15:25:54','0971549770',0,5,30000),(31,'456, Xã Tân Bình, Huyện Đầm Hà, Tỉnh Quảng Ninh',920000,'2023-04-20 16:05:06','0971549770',0,5,30000),(32,'567, Xã Đông Quan, Huyện Lộc Bình, Tỉnh Lạng Sơn',630000,'2023-04-20 16:27:26','0971549770',0,5,30000),(33,'123, Xã An Thịnh, Huyện Văn Yên, Tỉnh Yên Bái',920000,'2023-04-20 16:51:05','0971549770',0,5,30000),(34,'thu, Xã Song Pe, Huyện Bắc Yên, Tỉnh Sơn La',920000,'2023-04-20 17:03:49','0971549770',0,5,30000),(35,'567, Xã Hạ Giáp, Huyện Phù Ninh, Tỉnh Phú Thọ',630000,'2023-04-20 17:10:45','0971549770',0,5,30000),(36,'456, Xã Sín Chéng, Huyện Si Ma Cai, Tỉnh Lào Cai',154000,'2023-04-20 17:16:24','0971549770',0,5,30000),(37,'3455, Xã Chiềng Khừa, Huyện Mộc Châu, Tỉnh Sơn La',630000,'2023-04-20 17:22:55','0971549770',0,5,30000),(38,'3432, Xã Mường Than, Huyện Than Uyên, Tỉnh Lai Châu',920000,'2023-04-20 17:28:10','0971549770',0,5,30000),(39,'456, Xã Hà Hiệu, Huyện Ba Bể, Tỉnh Bắc Kạn',84000,'2023-04-21 10:08:28','0971549770',1,5,30000),(40,'A134, Xã Sơn Cương, Huyện Thanh Ba, Tỉnh Phú Thọ',920000,'2023-04-25 13:50:35','0971549770',0,5,30000),(41,'fdsfa, Xã Nội Thôn, Huyện Hà Quảng, Tỉnh Cao Bằng',611000,'2023-04-25 13:55:52','0971549770',2,5,30000),(42,'ew, Xã Đình Phùng, Huyện Bảo Lạc, Tỉnh Cao Bằng',390000,'2023-04-25 14:01:36','0971549770',1,5,30000),(43,'cdssa, Xã Bằng Vân, Huyện Ngân Sơn, Tỉnh Bắc Kạn',132000,'2023-04-25 14:08:45','0971549770',1,5,30000),(44,'sadsa, Xã Nam Sơn, Huyện Ba Chẽ, Tỉnh Quảng Ninh',154800,'2023-04-25 14:53:07','0971549770',2,5,30000),(45,'123, Xã Thượng Nông, Huyện Na Hang, Tỉnh Tuyên Quang',132000,'2023-04-25 15:11:03','0971549770',3,6,30000),(46,'123, Xã Sảng Tủng, Huyện Đồng Văn, Tỉnh Hà Giang',1280500,'2023-04-25 20:18:34','0971549770',3,6,30000),(47,'wq, Xã Tiến Dũng, Huyện Yên Dũng, Tỉnh Bắc Giang',1068500,'2023-04-28 10:26:00','0971549770',2,5,30000),(48,'fdsf, Phường Sông Bằng, Thành phố Cao Bằng, Tỉnh Cao Bằng',398600,'2023-05-03 17:48:14','0971549770',2,5,30000),(49,'A99, Xã Sóc Hà, Huyện Hà Quảng, Tỉnh Cao Bằng',435000,'2023-05-06 01:23:48','0971549770',0,5,30000),(50,'mt, Xã Quảng Lâm, Huyện Đầm Hà, Tỉnh Quảng Ninh',247599.99999999997,'2023-05-06 16:28:16','0971549770',0,5,30000),(51,'ewfwf, Xã Sĩ Bình, Huyện Bạch Thông, Tỉnh Bắc Kạn',154800,'2023-05-06 16:33:06','0971549770',0,5,30000),(52,'test, Phường Hồng Phong, Thị xã Đông Triều, Tỉnh Quảng Ninh',439500,'2023-05-06 16:40:23','0971549770',0,5,30000),(53,'h, Xã Đồng Ích, Huyện Lập Thạch, Tỉnh Vĩnh Phúc',435000,'2023-05-06 16:41:34','0971549770',0,5,30000),(54,'rewrw, Xã Yến Dương, Huyện Ba Bể, Tỉnh Bắc Kạn',651000,'2023-05-06 16:42:22','0971549770',2,5,30000),(55,'fds, Xã Lùng Cải, Huyện Bắc Hà, Tỉnh Lào Cai',564000,'2023-05-06 16:45:02','0971549770',2,5,30000),(56,'5657, Xã Thượng Hà, Huyện Bảo Lạc, Tỉnh Cao Bằng',439500,'2023-05-06 16:48:10','0971549770',0,5,30000),(57,'uuy, Xã Ngọc Đường, Thành phố Hà Giang, Tỉnh Hà Giang',564000,'2023-05-06 16:49:22','0971549770',0,5,30000),(58,'trytry, Xã Nhân Mục, Huyện Hàm Yên, Tỉnh Tuyên Quang',564000,'2023-05-06 16:52:50','0971549770',1,5,30000),(59,'hgfg, Thị trấn Phồn Xương, Huyện Yên Thế, Tỉnh Bắc Giang',875500,'2023-05-06 17:13:44','0971549770',2,5,30000),(60,'123, Phường Hàng Mã, Quận Hoàn Kiếm, Thành phố Hà Nội,\n(nhận hàng t2-t6)',564000,'2023-05-06 17:23:07','0971549770',3,5,30000),(61,'123, Xã Quảng Khê, Huyện Ba Bể, Tỉnh Bắc Kạn (Không giao hàng t7, CN)',142840,'2023-05-06 18:07:30','0971549770',2,5,30000),(62,'tét, Xã Cách Bi, Huyện Quế Võ, Tỉnh Bắc Ninh (tet)',322500,'2023-05-06 18:20:34','0971549770',2,5,30000),(63,'Một Thượng, Xã Thắng Lợi, Huyện Thường Tín, Thành phố Hà Nội (Chỉ nhận hàng từ thứ 2 - thứ 6)',588880,'2023-05-07 00:00:14','0971549770',1,5,30000),(64,'P99, Xã Bằng Thành, Huyện Pác Nặm, Tỉnh Bắc Kạn (Nhận hàng T7 và CN)',686600,'2023-05-07 00:13:19','0971549770',3,5,30000),(65,'P89, Thị trấn Si Ma Cai, Huyện Si Ma Cai, Tỉnh Lào Cai (Không nhận hàng buổi trưa)',173780,'2023-05-07 00:22:03','0971549770',1,5,30000),(66,'95PA, Xã Phú Bình, Huyện Chiêm Hóa, Tỉnh Tuyên Quang ( )',765000,'2023-05-07 00:26:07','0971549770',1,5,30000),(67,'P88, Xã Bộc Bố, Huyện Pác Nặm, Tỉnh Bắc Kạn (Nhận hàng t5-t6)',214300,'2023-05-07 00:36:26','0971549770',2,5,30000),(68,'sfsd, Xã Đà Vị, Huyện Na Hang, Tỉnh Tuyên Quang (sfdsd)',564000,'2023-05-07 19:06:19','0971549770',1,5,30000),(69,'test, Thị trấn Si Ma Cai, Huyện Si Ma Cai, Tỉnh Lào Cai (Test)',676000,'2023-05-09 21:46:25','0971549770',3,5,30000),(70,'92, Phường Bắc Cường, Thành phố Lào Cai, Tỉnh Lào Cai (thn)',702000,'2023-05-12 12:41:35','0971549770',2,5,30000),(71,'Thôn Một Thượng, Xã Thắng Lợi, Huyện Thường Tín, Thành phố Hà Nội ()',958900,'2023-05-15 16:56:36','0971549770',1,5,30000),(72,'test, Xã Xuân Nội, Huyện Trùng Khánh, Tỉnh Cao Bằng (null)',600000,'2023-05-17 17:24:56','0971549770',1,5,30000),(73,'test, Xã Xuân Nội, Huyện Trùng Khánh, Tỉnh Cao Bằng (null)',30000,'2023-05-17 17:25:07','0971549770',1,5,30000),(74,'9999, Xã Cốc Ly, Huyện Bắc Hà, Tỉnh Lào Cai (u7uyt)',532500,'2023-05-17 17:27:11','0971549770',2,5,30000),(75,'123, Xã Yến Dương, Huyện Ba Bể, Tỉnh Bắc Kạn (sdsad)',1465200,'2023-05-18 19:04:53','0971549770',1,5,30000),(76,'A99, Xã Cao Sơn, Huyện Bạch Thông, Tỉnh Bắc Kạn (giao giờ hành chính)',564000,'2023-05-18 23:43:58','0971549770',2,5,30000),(77,'sô 5, ngách 136/51 đường Cầu Diễn, Phường Minh Khai, Quận Bắc Từ Liêm, Thành phố Hà Nội (null)',839100,'2023-12-20 12:49:01','0984410411',3,8,30000),(78,'Nhà hàng Thanh Tùng, Xã Lũng Cú, Huyện Đồng Văn, Tỉnh Hà Giang (null)',3911110,'2023-12-20 12:51:41','0984410411',1,8,30000),(79,'số 10, Thị trấn Bảo Lạc, Huyện Bảo Lạc, Tỉnh Cao Bằng (null)',1345200,'2023-12-20 12:53:05','0984410411',2,8,30000),(80,'Thôn Quan Yên, Xã Định Công, Huyện Yên Định, Tỉnh Thanh Hóa (null)',3405000,'2023-12-20 12:53:55','0984410411',2,8,30000),(81,'Thôn Gạo, Xã Ngọc Thanh, Thành phố Phúc Yên, Tỉnh Vĩnh Phúc (null)',7450030,'2023-12-20 14:15:38','0984410411',0,8,30000),(82,'số 10, Phường Sông Bằng, Thành phố Cao Bằng, Tỉnh Cao Bằng (null)',3673700,'2023-12-20 14:16:16','0984410411',0,8,30000),(83,'số 9, Phường Cẩm Bình, Thành phố Cẩm Phả, Tỉnh Quảng Ninh (null)',3070000,'2023-12-20 14:16:44','0984410411',0,8,30000);
/*!40000 ALTER TABLE `orders` ENABLE KEYS */;
UNLOCK TABLES;

--
-- Table structure for table `products`
--

DROP TABLE IF EXISTS `products`;
/*!40101 SET @saved_cs_client     = @@character_set_client */;
/*!50503 SET character_set_client = utf8mb4 */;
CREATE TABLE `products` (
  `product_id` bigint(20) NOT NULL AUTO_INCREMENT,
  `description` varchar(1000) COLLATE utf8mb4_unicode_ci DEFAULT NULL,
  `discount` int(11) NOT NULL,
  `entered_date` date DEFAULT NULL,
  `name` varchar(255) COLLATE utf8mb4_unicode_ci DEFAULT NULL,
  `price` double DEFAULT NULL,
  `quantity` int(11) NOT NULL,
  `sold` int(11) NOT NULL,
  `status` bit(1) DEFAULT NULL,
  `category_id` bigint(20) DEFAULT NULL,
  `branch` varchar(1000) COLLATE utf8mb4_unicode_ci DEFAULT NULL,
  `material` varchar(1000) COLLATE utf8mb4_unicode_ci DEFAULT NULL,
  `image` varchar(255) COLLATE utf8mb4_unicode_ci DEFAULT NULL,
  PRIMARY KEY (`product_id`),
  KEY `FKog2rp4qthbtt2lfyhfo32lsw9` (`category_id`),
  CONSTRAINT `FKog2rp4qthbtt2lfyhfo32lsw9` FOREIGN KEY (`category_id`) REFERENCES `categories` (`category_id`)
) ENGINE=InnoDB AUTO_INCREMENT=157 DEFAULT CHARSET=utf8mb4 COLLATE=utf8mb4_unicode_ci;
/*!40101 SET character_set_client = @saved_cs_client */;

--
-- Dumping data for table `products`
--

LOCK TABLES `products` WRITE;
/*!40000 ALTER TABLE `products` DISABLE KEYS */;
INSERT INTO `products` VALUES (3,'GOYA NEO là mẫu giày chạy bộ cao cấp nhất của thương hiệu Goya cho đến thời điểm hiện tại. Với công nghệ đế giày BoomMAX giúp vận động viên tối ưu hiệu suất khi chạy bộ. Có thể chạy tốc độ pace 3 trở lên. Đây cũng là mẫu giày ứng dụng công nghệ tiên tiến nhất, phù hợp cho VĐV sử dụng trong những cuộc đua đường dài. Đôi NEO phù hợp với những người chạy lâu, luyện tập chuyên nghiệp, cự li dài, tốc độ nhanh. \n- Đế giày: được làm bằng công nghệ BoomMAX là công nghệ đệm mới nhất, có tính đàn hồi cao, tăng độ nẩy hơn 25%, tăng độ hồi phục hơn 75% so với các phiên bản cũ, siêu nhẹ. Độ dày đệm đế 5cm hỗ trợ tăng hiệu suất tối đa khi chạy bộ. Ở giữa phần đế có trang bị 1 tấm carbon chống xoắn tăng sự mượt mà khi chạy nhanh ở các cung đường cua. ',10,'2022-03-20','Giày Chạy Bộ GOYA NEO',899000,50,2,_binary '',1,'GOYA','Vải chính: 80% len, 20% cao su','https://res.cloudinary.com/martfury/image/upload/v1702874531/products/eb49gqmeypmkc4nto91k.webp'),(4,'Goya Training Plus Được sản xuất bởi công ty Goya, giày có kiểu dáng mạnh mẽ, là dòng giày thể thao được nghiên cứu dành cho việc tập luyện chạy bộ và vận động cao.\n\nĐặc điểm nổi bật giày thể thao chạy bộ chính hãng Goya Training Plus \n\n- Giày công nghệ bọt khí Eva mang lại cảm giác đàn hồi êm ái cho bàn chân mà vẫn giữ được trọng lượng nhẹ cần thiết.\n\n- Được thiết kế theo động học Meta - Rocket giúp tối ưu chạy bộ khi mang giày thể thao.\n\n- Phần trên của giày chạy bộ được làm từ chất liệu cao cấp, mềm mại, dễ dàng vệ sinh.',11,'2022-03-20','Giày Chạy Bộ Goya Plus',599000,7,5,_binary '',1,'GOYA','Vải chính: 80% len, 20% cao su','https://res.cloudinary.com/martfury/image/upload/v1702874989/products/qisbeibsxugpgildlerj.webp'),(5,'Goya Strides\" là một dòng sản phẩm mới của thương hiệu giày thể thao GOYA đến từ Việt Nam. \"Strides\" trong tiếng Anh có nghĩa là \"bước chân, tượng trưng cho sự thoải mái và linh hoạt của những bước chân vdv khi sử dụng sp trong hoạt động chạy bộ. Ngoài ra còn mang ý nghĩa bước đột phá mới từ thương hiệu Goya mang đến người tiêu dùng. \n- Đây là dòng sản phẩm cải tiến của Goya Strides 2, nâng cấp hơn cả về thiết kế màu sắc phù hợp với thị yếu, độ nảy và size đã được cải tiến. \nThông số kỹ thuật:',5,'2022-03-20','Giày Chạy Bộ GOYA Strides',799000,98,5,_binary '',1,'GOYA','Vải chính: 80% len, 20% cao su','https://res.cloudinary.com/martfury/image/upload/v1702875313/products/swehji4l3lykxptk60mq.webp'),(6,'Goya Eurus Được sản xuất bởi công ty Goya, giày có kiểu dáng mạnh mẽ, là dòng giày thể thao được nghiên cứu dành cho việc tập luyện chạy bộ và vận động cao.',3,'2022-03-20','Giày Chạy Bộ Goya Eurus',599000,98,2,_binary '',1,'GOYA','Vải chính: 80% len, 20% cao su','https://res.cloudinary.com/martfury/image/upload/v1702875496/products/foktroq65bdxknetjjcb.webp'),(7,'Zoom Fly 5 thêm lớp bọt ZoomX mới cho phần đế giữa giày tạo ra một hệ thống lớp đệm nhẹ hơn và khả năng hoàn trả lực nhanh hơn. Đế giữa chứa sự kết hợp hoàn hảo giữa bọt ZoomX có lực đẩy và một tấm sợi carbon nhúng: Cùng với nhau, chúng tạo ra cảm giác chắc chắn dưới chân giúp bạn đẩy nhanh tốc độ. Điều này biến Zoom Fly 5 thành đôi giày có hiệu suất vượt trội, điều đã được làm rất tốt trong phiên bản Zoom Fly 4, nhưng nay còn tốt hơn nữa. Nó mang lại cho bạn cảm giác hoàn trả lực tốt, chuyển tiếp mượt mà ở nhiều tốc độ khác nhau. Điều này giúp bạn chạy dễ dàng hơn, nhanh hơn và có thêm niềm vui trong những buổi chạy của mình.',15,'2022-03-20','Giày Chạy bộ Nike Zoom Fly',4800000,100,7,_binary '',1,'NIKE','Vải chính: 80% len, 20% cao su','https://res.cloudinary.com/martfury/image/upload/v1702875872/products/dshtpu4iatusofiqnswk.webp'),(8,'Nike Revolution 6 được thiết kế để mang lại sự thoải mái tối đa cho đôi chân của bạn, đồng thời cung cấp khả năng hỗ trợ và độ bám đường tuyệt vời. Với thiết kế đơn giản nhưng tinh tế, Nike Revolution 6 phù hợp với mọi phong cách, từ chạy bộ hàng ngày đến dạo phố thư thái.',4,'2022-03-20','Giày chạy bộ Nike Revolution',1460000,99,9,_binary '',1,'NIKE','Vải chính: 80% len, 20% cao su','https://res.cloudinary.com/martfury/image/upload/v1702876017/products/qw3jcdlgdvnkvvqiqfm6.jpg'),(9,'Thiết kế thoải mái và trực quan giúp bàn chân của bạn cảm thấy như được ôm gọn và bảo vệ. Đệm Zoom ở gót và mũi tạo thêm lực đẩy cho sải chân của bạn khi bạn chuyển từ gót chân sang đầu ngón chân.\nCông nghệ Flywire được tích hợp với một dải giữa bàn chân để hỗ trợ toàn diện giúp giữ chân bạn ở đúng vị trí.\nCông nghệ Nike React là một loại bọt nhẹ, bền, mang đến một chuyến đi êm ái. Mang lại cảm giác tràn đầy năng lượng ngay từ đầu.\nLưỡi gà được tách ra khỏi ngoài phù hợp với các bàn chân khác nhau. Lớp đệm bổ sung ở lưỡi gà và cổ giày giúp giữ cho bàn chân của bạn luôn cảm thấy thoải mái.\nChi tiết thiết kế phản quang giúp bạn được nhận diện dễ dàng trong lúc trời tối.\nMàu sắc xanh scream/sữa dừa/honeydew/đen với phong cách DZ4776-343 sẽ giúp bạn nổi bật trong đám đông.\nGiày chạy bộ Nike Pegasus 39 được sản xuất tại Việt Nam.',9,'2022-03-20','Giày chạy bộ Nike pegasus ',2990000,100,5,_binary '',1,'NIKE','Vải chính: 80% len, 20% cao su','https://res.cloudinary.com/martfury/image/upload/v1702876248/products/jxqh29awt57u3exqnjo5.webp'),(10,'Saucony Endorphin Speed 4 là đôi giày chạy bộ tốc độ mới ra mắt của Saucony với cải tiến về đế giữa, đế ngoài và upper. Điểm nổi bật là tấm nylon hình cánh được thiết kế lại giúp tăng lực đẩy và tạo cảm giác bứt tốc hơn. Đế ngoài dạng lưới tăng độ bám đường và chuyển tiếp mượt mà. Upper lưới thoáng khí và ôm chân tốt. Endorphin Speed 4 là lựa chọn tuyệt vời cho runner muốn chinh phục tốc độ với trải nghiệm sự tốc độ mà vẫn giữ được sự thoải mái.\n\n',17,'2022-03-20','Giày chạy bộ Saucony Endorphin Speed ',4390000,97,6,_binary '',1,'SAUCONY','Vải chính: 80% len, 20% cao su','https://res.cloudinary.com/martfury/image/upload/v1702876406/products/gnpblh8zd7sqe7nnohfw.webp'),(11,'Saucony Ride 17 được nâng cấp với bọt PWRRUN+ mềm mại, êm ái hơn, giúp hoàn trả năng lượng tốt hơn. Lớp đệm vừa phải ở mắt cá chân mang lại cảm giác thoải mái ngay từ bước đầu tiên. Ride 17 là lựa chọn lý tưởng cho những người chạy bộ hàng ngày, bao gồm cả luyện tập, chạy phục hồi và đi bộ.',13,'2022-03-20','Giày Chạy Bộ Saucony Ride',3480000,100,3,_binary '',1,'SAUCONY','Vải chính: 80% len, 20% cao su','https://res.cloudinary.com/martfury/image/upload/v1702876517/products/fnnkuaifloniy1wcenzk.webp'),(12,'Khi bạn sẵn sàng để nghiêm túc chạy bộ nghĩa là bạn đã sẵn sàng cho đôi giày adidas Supernova. Thân giày bằng vải lưới tăng cường lưu thông khí tại các vùng đổ nhiều mồ hôi nhất. Lớp đệm linh hoạt ở mũi giày cùng lớp đệm đàn hồi ở gót giày cho bạn sải bước thoải mái. Đôi giày này làm từ chất liệu tái chế, thể hiện nỗ lực nghiêm túc của chúng tôi hướng tới một môi trường trong lành hơn.- Kết cấu giống với  mẫu Adidas Astrarun khi kết hợp đế Boost ở gót và đế Bounce. Tuy nhiên với những cải tiến về vật liệu cũng như thiết kế mới, mẫu Adidas Supernova mang lại cảm giác vừa vặn, thoải mái hơn, và đẹp hơn.',20,'2022-03-20','Giày Chạy Bộ Adidas Supernova',1350000,100,4,_binary '',1,'ADIDAS','Vải chính: 80% len, 20% cao su','https://res.cloudinary.com/martfury/image/upload/v1702876732/products/ugps5a0bso1rxaikurtw.webp'),(13,'Làm sao để cải tiến một đôi giày hoàn trả năng lượng? Hãy tăng cường hơn nữa khả năng hoàn trả năng lượng. Đôi giày adidas Ultraboost 21 này cho cảm giác siêu thoải mái, giúp bạn nhẹ nhàng tăng cự ly và cải thiện split time. Bên cạnh đế giữa được bổ sung lượng Boost, giày còn có hệ thống Linear Energy Push tiếp thêm năng lượng cho từng bước chân. Sản phẩm này may bằng vải công nghệ Primeblue, chất liệu tái chế hiệu năng cao có sử dụng sợi Parley Ocean Plastic. 50% thân giày làm bằng vải dệt, 75% vải dệt bằng sợi Primeblue. Không sử dụng polyester nguyên sinh.',8,'2022-03-20','Giày Chạy Bộ Adidas Ultraboost',2500000,100,6,_binary '',1,'ADIDAS','Vải chính: 80% len, 20% cao su','https://res.cloudinary.com/martfury/image/upload/v1702876874/products/m5gvceiesswhdkhvjxhm.webp'),(14,'Phiên bản mới nhất của ASICS là đây. Hãy đồng hành cùng GEL-Nimbus 23 lướt trên những chuyến hành trình tiếp theo của bạn.\nGiày chạy bộ GEL-NIMBUS ™ 23 tiếp tục mang đến sự thoải mái tuyệt vời và khả năng hấp thụ va đập trong thời gian dài. Độ ổn định được cải thiện của nó cung cấp một bước cân bằng hơn, theo sau là các chuyển tiếp mượt mà hơn. ',9,'2022-03-20','Giày Chạy Bộ ASICS Gel Nimbus',2190000,100,3,_binary '',1,'ASICS','Vải chính: 80% len, 20% cao su','https://res.cloudinary.com/martfury/image/upload/v1702877133/products/jb3kjod7kkllual8dwa0.webp'),(15,'Mục đích: Chạy bộ đường dài, chạy bộ hằng hằng ngày và tập luyện trên đường bê tông.\nĐộ dốc từ gót - mũi: 10mm\nTrọng lượng: 228gram',12,'2022-03-20','Giày Chạy ASICS GEL CUMULUS',2220000,100,0,_binary '',1,'ASICS','Vải chính: 80% len, 20% cao su','https://res.cloudinary.com/martfury/image/upload/v1702877290/products/whn9klhmejzf1z0imivu.webp'),(16,' Bước vào tương lai của bóng rổ với Đôi Giày Bóng Rổ Unisex Under Armour Curry Spawn Flotro! Một kiệt tác thực sự về thiết kế và tính năng, đôi giày này được thiết kế để tăng cường hiệu suất của bạn và đưa trình độ chơi lên một tầm cao mới.',3,'2022-03-20','Giày Bóng Rổ Unisex Under Armour Curry Spawn Flotro -',4700000,99,2,_binary '',2,'UNDER ARMOUR','Vải chính: 80% len, 20% cao su','https://res.cloudinary.com/martfury/image/upload/v1702877640/products/yfl2dbiio95b2jzh9awi.webp'),(17,' Hãy trải nghiệm cảm giác vượt trội cùng đôi giày bóng rổ Flow Futr X 3 từ Under Armour. Với mặt trên linh hoạt UA IntelliKnit kết hợp cùng dây Gore tiên tiến, đôi giày này đem lại sự hỗ trợ hoàn hảo cùng khả năng cố định bàn chân. Điều đặc biệt, công nghệ UA Flow cung cấp độ bám và đệm tuyệt vời, giúp bạn tự tin thể hiện tối đa tài năng của mình trên sân.',5,'2022-03-20','Giày Bóng Rổ Unisex Under Armour Flow Futr X',2400000,99,0,_binary '',2,'UNDER ARMOUR','Vải chính: 80% len, 20% cao su','https://res.cloudinary.com/martfury/image/upload/v1702877774/products/q6ahy3fua9yjjyscv43d.webp'),(18,' Ấn tượng với từng chi tiết tỉ mỉ của siêu phẩm PEAK kết hợp với siêu sao bóng rổ Andrew Wiggins AW1 ET33817A.\n\n- Upper với vải dệt cao cấp cùng nhiều màu sắc kết hợp với nhau tạo nên một thiết kế độc đáo và cực bắt mắt.\n\n- Sản phẩm được cải tiến và định hình với cấu trúc P-ULTRELIIGHT với khung TPU trên thân giày, hỗ trợ khả năng tiếp đất mạnh mẽ, tăng khả năng truyền lực, phản hồi năng lượng cho các chuyển động trên sân.',25,'2022-03-20','Giày Bóng Rổ PEAK Taichi Wiggins AW1 Signature',2490000,99,1,_binary '',2,'PEAK','Vải chính: 80% len, 20% cao su','https://res.cloudinary.com/martfury/image/upload/v1702878389/products/jhysxnlcgrod0fgjhhgu.jpg'),(19,'Chức năng: hấp thụ sốc, chống trượt, chống mài mòn, thoáng khí, thấm mồ hôi, bao bọc, hỗ trợ, cân bằng, chống va đập, nhẹ, tăng, bật',4,'2022-03-20','Giày Bóng Rổ PEAK Lightning X Performance',2000000,100,0,_binary '',2,'PEAK','Vải chính: 80% len, 20% cao su','https://res.cloudinary.com/martfury/image/upload/v1702878553/products/facowhajbnffjomanggk.jpg'),(20,'Chức năng: hấp thụ sốc, chống trượt, chống mài mòn, thoáng khí, thấm mồ hôi, bao bọc, hỗ trợ, cân bằng, chống va đập, nhẹ, tăng, bật',5,'2022-03-20','Giày Bóng Rổ PEAK Lightning X ET33021A',1900000,100,3,_binary '',2,'PEAK','Vải chính: 80% len, 20% cao su','https://res.cloudinary.com/martfury/image/upload/v1702878682/products/jumloc96xehjaxxbm3iu.jpg'),(21,' Chức năng: hấp thụ va đập, chống trượt, chống mài mòn, thoáng khí, bao bọc, hỗ trợ, cân bằng, chống va đập, nhẹ, phục hồi',2,'2022-03-20','Giày Bóng Rổ PEAK Outdoor Beast Team Edition',1600000,100,3,_binary '',2,'PEAK','Vải chính: 80% len, 20% cao su','https://res.cloudinary.com/martfury/image/upload/v1702878802/products/nvu9nnyawuctmqirjriz.jpg'),(22,'Lớp đế ngoài với vân đế mới, phân vùng đặc biệt giúp tăng cường hiệu suất, tăng độ ma sát và giảm thiếu khả năng bào mòn. Đồng thời sử dụng cao su cao cấp chống trơn trượt và tăng độ bám khi di chuyển.\"',2,'2022-03-20','Giày bóng rổ PEAK Basketball Sonic Boom',1450000,100,3,_binary '',2,'PEAK','Vải chính: 80% len, 20% cao su','https://res.cloudinary.com/martfury/image/upload/v1702878961/products/adnywfpwwl1etpoz9owe.jpg'),(23,'Lớp đế ngoài với vân đế dày, tăng độ ma sát và giảm thiếu khả năng bào mòn, hỗ trợ các chuyển động xoay người nhanh. Thiết kế khung chống lật cho các chuyển động bên an toàn hơn. Đồng thời sử dụng cao su cao cấp chống trơn trượt và tăng độ bám khi di chuyển.\"',2,'2022-03-20','Giày bóng rổ PEAK Taichi Big Triangle',2090000,100,4,_binary '',2,'PEAK','Vải chính: 80% len, 20% cao su','https://res.cloudinary.com/martfury/image/upload/v1702879091/products/bi8utzu6se76yi4si5uh.jpg'),(24,' Giày cầu lông Lining AYTT003-1 là mẫu giày mới nhất dành cho người chơi phân khúc tầm trung. Nếu bạn đang mong muốn tìm một đôi giày êm ái, di chuyển nhanh nhẹn và thoải mái trên sân, đem lại hiệu suất tập luyện tốt nhất trong tầm giá thì không nên bỏ qua Lining AYTT003-1 đâu nhé!',9,'2022-03-20','Giày cầu lông Lining AYTT003',1350000,99,3,_binary '',4,'LINING','Vải chính: 80% len, 20% cao su','https://res.cloudinary.com/martfury/image/upload/v1702879324/products/rjzz7s20avedhmttdf1n.jpg'),(25,' Giày cầu lông Lining AYAS032-3 chính hãng vừa ra mắt của nhà Lining thuộc dòng giày cầu lông chuyên nghiệp Lining Sage Pro. Thiết kế giày được lấy cảm hứng từ Black Warrior và Cotton Candy với phối màu đen-đỏ chủ đạo, cùng với form giày khỏe khoắn, khi bạn mang ra sân tập toát lên phong thái mạnh mẽ trong từng bước chân, khiến các lông thủ khác phải ngoái nhìn.',7,'2022-03-20','Giày cầu lông Lining AYAS032',3600000,99,4,_binary '',4,'LINING','Vải chính: 80% len, 20% cao su','https://res.cloudinary.com/martfury/image/upload/v1702879464/products/c0gi1cwj5d9gyhj8c4jm.jpg'),(26,'Giày tập cầu lông Soundwave II AYTS016-5 , với phối màu đơn giản, đơn giản và thanh lịch, thời trang và đa năng. Midsole lượn sóng cung cấp đệm tuyệt vời. Vải lưới kết cấu đặc biệt kết hợp với thiết kế da mang đến khả năng bọc tuyệt vời và vẻ ngoài thời trang và linh hoạt.',1,'2022-03-20','Giày cầu lông Li-Ning Soundwave',560000,100,5,_binary '',4,'LINING','Vải chính: 80% len, 20% cao su','https://res.cloudinary.com/martfury/image/upload/v1702879608/products/ulloocikhfyzxhkmlmir.webp'),(27,'Giày tập cầu lông Thunder LITE AYTS020-7, với phối màu đơn giản, đơn giản và trang nhã, thời trang và đa năng. Phong cách nhập cảnh cơ bản mới được thiết kế với các tính năng theo chủ đề. Hoa đáy cơ bản và thiết kế màu sắc của đế ngoài với các màu tương phản ở mặt trước và mặt sau đảm bảo chức năng và tăng điểm nổi bật cho thiết kế. Phần thân giày sử dụng cấu trúc kết hợp giữa da và vải tổng hợp, mặt ngoài được thiết kế với bề mặt da dạng lưới, nâng đỡ bàn chân một cách an toàn và mặt trong sử dụng cấu trúc vải để thông gió và tản nhiệt. Cấu trúc chống valgus hình tam giác đế ngoài cung cấp hỗ trợ bên trong khi vẫn đảm bảo uốn cong. Thiết kế đế ngoài hạt chống trượt hình kim cương có độ bám chắc chắn và giúp bạn di chuyển trên sân.',5,'2022-03-20','Giày cầu lông Li-Ning Thunder LITE',686000,100,5,_binary '',4,'LINING','Vải chính: 80% len, 20% cao su','https://res.cloudinary.com/martfury/image/upload/v1702879751/products/d1hdqopqrzzcipmuh6wr.webp'),(28,'Giày cầu lông Li-Ning Nam và nữ  Ⅱ LITE AYTT003-2, sử dụng cách phối màu đơn giản, và giản dị. Phần trên được làm từ chất liệu thoải mái, dễ chịu và mềm mại, mang lại cảm giác chân tốt. Logo Li-Ning trên thân giày được gia công tỉ mỉ, làm nổi bật nét duyên dáng của thương hiệu. Thiết kế chống va chạm của mũi giày giúp giảm trầy xước hoặc va chạm trên ngón chân và nâng niu từng bước chân.',4,'2022-03-20','Giày cầu lông Li-Ning Ⅱ LITE',1370000,99,3,_binary '',4,'LINING','Vải chính: 80% len, 20% cao su','https://res.cloudinary.com/martfury/image/upload/v1702879867/products/bpxwrut2vdna13srr7dg.webp'),(29,'Giày thi đấu chuyên nghiệp II Pro AYAT003-3  cầu lông cắt giữa có trọng lượng thấp, độ đàn hồi cao và bền bỉ của Flying Ⅱ PRO rất đơn giản và giản dị với cách phối màu đơn giản. Phần trên được làm từ chất liệu thoải mái, dễ chịu và mềm mại, mang lại cảm giác chân tốt. Logo Li-Ning trên thân giày được gia công tỉ mỉ, làm nổi bật nét duyên dáng của thương hiệu. Thiết kế chống va chạm của mũi giày giúp giảm trầy xước hoặc va chạm trên ngón chân và nâng niu từng bước chân.',3,'2022-03-20','Giày thi đấu cầu lông chuyên nghiệp Ⅱ PRO AYAT003-3',2100000,100,6,_binary '',4,'LINING','Vải chính: 80% len, 20% cao su','https://res.cloudinary.com/martfury/image/upload/v1702879997/products/wcutxjasx9czw3ot4unj.webp'),(30,'Giày cầu lông phục hồi hấp thụ sốc Blade LITE chuyên nghiệp AYZT005-3, sử dụng cách phối màu đơn giản,và giản dị. Phần trên được làm từ chất liệu thoải mái, dễ chịu và mềm mại, mang lại cảm giác chân tốt. Thiết kế logo thương hiệu Li Ning, tay nghề tỉ mỉ, làm nổi bật sự quyến rũ của thương hiệu. Thiết kế chống va chạm của mũi giày giúp giảm trầy xước hoặc va chạm trên ngón chân và nâng niu từng bước chân.',2,'2022-03-20','Giày cầu lông Li-Ning chuyên nghiệp Blade LITE',1120000,100,3,_binary '',4,'LINING','Vải chính: 80% len, 20% cao su','https://res.cloudinary.com/martfury/image/upload/v1702880125/products/jowfh2tzqnzrrx1lzwpi.webp'),(31,' Giày thi đấu cầu lông chuyên nghiệp Haifeng PRO AYAS012-3 áp dụng cách phối màu đơn giản, đơn giản và thanh lịch, thời trang và linh hoạt. Toàn bộ phần trên được làm bằng vải công nghệ hàn xoắn cải tiến, nhẹ hơn, thoáng khí, hỗ trợ và tích hợp với thân giày. Đế giữa được làm đầy bằng công nghệ Li-Ning Cloud, gót chân được làm đầy bằng Li-Ning_Technology tạo ra hiệu suất đệm của gót chân và bàn chân trước được làm đầy bằng công nghệ BOUNSE+ để cung cấp phản hồi cú đá tuyệt vời. Tấm carbon ba chiều 3D diện tích lớn cải thiện độ ổn định của đế và củng cố vòm bàn chân để chống xoắn. Rãnh uốn xuyên thấu ở bàn chân trước của đế ngoài giúp tăng cường khả năng uốn cong và tính linh hoạt, đồng thời hoa phanh cứng cáp ở khu vực chức năng gót chân giúp tăng cường khả năng chống trượt.',1,'2022-03-20','Giày cầu lông Li-Ning thi đấu chuyên nghiệp Haifeng PRO',1570000,100,5,_binary '',4,'LINING','Vải chính: 80% len, 20% cao su','https://res.cloudinary.com/martfury/image/upload/v1702880232/products/pa9sbr9mbax3hipeov1q.webp'),(32,' Giày tập cầu lông Soundwave II AYTS016-3 , với phối màu đơn giản, đơn giản và thanh lịch, thời trang và đa năng. Midsole lượn sóng cung cấp đệm tuyệt vời. Vải lưới kết cấu đặc biệt kết hợp với thiết kế da mang đến khả năng bọc tuyệt vời và vẻ ngoài thời trang và linh hoạt.',5,'2022-03-20','Giày cầu lông Li-Ning Soundwave',990000,100,8,_binary '',4,'LINING','Vải chính: 80% len, 20% cao su','https://res.cloudinary.com/martfury/image/upload/v1702880350/products/p9pb6zw982nsktg0lok3.webp'),(33,'Giày cầu lông chuyên nghiệp phục hồi hấp thụ sốc Zhanji III LITE AYTS, sử dụng phối màu đơn giản, giản dị và giản dị. Phong cách cơ bản của dây kéo vẫn tiếp tục, và các màu mới được thêm vào. Đế giữa áp dụng công nghệ đám mây Li Ning, có khả năng đệm tuyệt vời. Vòm của bàn chân được tăng cường và hỗ trợ bởi một diện tích lớn TPU, ổn định và chống xoắn. Phần trên được làm bằng lưới mắt to để tăng cường khả năng thoáng khí, và phần sau được bọc bằng da để tạo cảm giác thoải mái cho bàn chân.',3,'2022-03-20','Giày cầu lông LI-Ning Battle Halberd',996000,97,7,_binary '',4,'LINING','Vải chính: 80% len, 20% cao su','https://res.cloudinary.com/martfury/image/upload/v1702880561/products/p9i9n4qe6eng4ni1udog.webp'),(34,'Giày tập cầu lông Thunder LITE AYTS020-4, thiết kế phối màu đơn giản, trang nhã, thời trang và đa năng. Phong cách nhập cảnh cơ bản mới được thiết kế với các tính năng theo chủ đề. Hoa đáy cơ bản và thiết kế màu sắc của đế ngoài với các màu tương phản ở mặt trước và mặt sau đảm bảo chức năng và tăng điểm nổi bật cho thiết kế. Phần thân giày sử dụng cấu trúc kết hợp giữa da và vải tổng hợp, mặt ngoài được thiết kế với bề mặt da dạng lưới, nâng đỡ bàn chân một cách an toàn và mặt trong sử dụng cấu trúc vải để thông gió và tản nhiệt. Cấu trúc chống valgus hình tam giác đế ngoài cung cấp hỗ trợ bên trong khi vẫn đảm bảo uốn cong. Thiết kế đế ngoài hạt chống trượt hình kim cương có độ bám chắc chắn và giúp bạn di chuyển trên sân.\n- TUFF TIP là vật liệu chống mài mòn ở mũi giày được áp dụng cho phần m',5,'2022-03-20','Giày cầu lông Li-Ning Thunder LITE',590000,100,3,_binary '',4,'LINING','Vải chính: 80% len, 20% cao su','https://res.cloudinary.com/martfury/image/upload/v1702880745/products/kux1f4gclx8l78vq2voz.webp'),(35,'Giày thi đấu chuyên nghiệp Ground Flying MAX Nam AYAT001-2 Bay trên mặt đất Giày thi đấu chuyên nghiệp cầu lông tầm trung có độ đàn hồi cao, độ đàn hồi cao MAX, sử dụng cách phối màu đơn giản, đơn giản và giản dị. Phần trên được làm từ chất liệu thoải mái, dễ chịu và mềm mại, mang lại cảm giác chân tốt. Logo Li-Ning trên thân giày được gia công tỉ mỉ, làm nổi bật nét duyên dáng của thương hiệu. Thiết kế chống va chạm của mũi giày giúp giảm trầy xước hoặc va chạm trên ngón chân và nâng niu từng bước chân.\n\n',1,'2022-03-20','Giày thi đấu chuyên nghiệp Ground Flying MAX',2570000,100,3,_binary '',4,'LINING','Vải chính: 80% len, 20% cao su','https://res.cloudinary.com/martfury/image/upload/v1702880883/products/rhkqsgoupb7zqwr7mxyu.webp'),(36,'Giày cầu lông chuyên nghiệp halberd III, với cách phối màu đơn giản, đơn giản và phóng khoáng, thời trang và đa năng. Toàn bộ thân giày được làm bằng da sợi nhỏ để nâng cao cảm giác ôm, và phần gót được bao quanh bởi TPU để gia cố và ổn định. Công nghệ bộ ba đế giữa được may mắn, giảm trọng lượng của đế, BOUNSE + mặt trước, phản hồi bước nâng cao, mặt sau được lấp đầy bởi Li Nings, đệm đầy đủ, cảm giác chân tăng vọt',35,'2022-03-20','Giày thi đấu chuyên nghiệp cầu lông Li-Ning Thunder AYAR037-2',1100000,99,10,_binary '',4,'LINING','Vải chính: 80% len, 20% cao su','https://res.cloudinary.com/martfury/image/upload/v1702881018/products/nra1y8q0qfczxngn3yxl.webp'),(37,'Giày Đá Banh Nike Tiempo Legend 10 Pro TF DV4336-300 có thiết kế khá đơn giản nhưng vẫn mang đậm phong cách của dòng giày Tiempo. Phần upper được làm từ chất liệu da tổng hợp FlyTouch với bề mặt mềm mại, ôm chân. Phần đế được làm từ cao su TPU với các đinh dăm hình chữ V giúp tăng độ bám sân trên mặt sân cỏ nhân tạo',45,'2022-03-20','Giày Đá Banh Nike Tiempo Legend 10 Pro TF',2560000,100,5,_binary '',3,'NIKE','Vải chính: 80% len, 20% cao su','https://res.cloudinary.com/martfury/image/upload/v1702907386/products/kmc86dvvgahnawy81foc.jpg'),(38,' TA11 là mẫu giày Kamito cho ra mắt để vinh danh cũng như ghi nhận những đóng góp của tuyển thủ Nguyễn Tuấn Anh - tiền vệ tài hoa của bóng đá Việt Nam. Tuấn Anh cũng tham gia trực tiếp trong quá trình thiết kế để mang lại hiệu suất thi đấu cao nhất cho sản phẩm. \nNgay từ khi ra mắt lần đầu tiên, TA11 đã rất nhanh chóng trở thành một mẫu giày \"quốc dân\" được rất nhiều anh em chơi bóng đá tin dùng và ủng hộ. Đây là động lực rất lớn để Kamito tiếp tục phát triển dòng giày này. ',30,'2022-03-20','Giày Đá Bóng Kamito Futsal TA11-IC PR',1200000,100,6,_binary '',3,'KAMITO','Vải chính: 80% len, 20% cao su','https://res.cloudinary.com/martfury/image/upload/v1702907513/products/ddfn3a6mjc9vccm616gn.jpg'),(39,' - Chất liệu: da tổng hợp, tạo cảm giác ôm chân và thoải mái \n- Giày được thiết kế cao cổ tạo cảm giác cực kì ôm chân và chắc chắn ',35,'2022-03-20','Giày Đá Bóng Kamito TA11 TF PRO',980000,100,6,_binary '',3,'KAMITO','Vải chính: 80% len, 20% cao su','https://res.cloudinary.com/martfury/image/upload/v1702907685/products/g0q3bzl8i4gsgjfq0d0v.jpg'),(40,'Giày đá bóng nam, giày đá banh Akka Control 3 là mẫu giày hướng người chơi tới lối đá kiểm soát bóng tốt hơn, có lối chơi kỹ thuật, xử lý bóng khéo. Phần mũi giày đá bóng được dập nổi với các mức độ vừa phải , tạo ma sát vừa đủ để xử lý bóng ngắn trong những phạm vi hẹp. ',30,'2022-03-20','Giày đá bóng sân cỏ nhân tạo AKKA Control III TF',670000,100,6,_binary '',3,'AKKA','Vải chính: 80% len, 20% cao su','https://res.cloudinary.com/martfury/image/upload/v1702907984/products/sf9tuvcwj8fb5tptxn9x.jpg'),(41,' - Phía bên trong giày có lớp lót mềm mại, thoáng khí, tạo cảm giác êm ái. \n- Form giày ôm chân, giúp người chơi có cảm giác bóng tốt nhất. \n- Chất liệu nhẹ và bền, tăng độ bám sân. ',38,'2022-03-20','Giày đá bóng Geet 3',450000,100,7,_binary '',3,'GEET','Vải chính: 80% len, 20% cao su','https://res.cloudinary.com/martfury/image/upload/v1702908157/products/igjajtoaeetkf6plseyb.jpg'),(42,' Được làm từ da Bê (Calfskin). Ở Tiempo 9, Nike đã bỏ đi thiết kế vân kim cương trên bề mặt như người tiền nhiệm, thay vào đó là các cấu trúc được làm nổi lên bởi những foam pods (các phần tử bọt khí) ở những vùng tiếp xúc bóng chủ yếu, hỗ trợ tốt hơn khả năng rê dắt, chuyền và sút bóng.',32,'2022-03-20','Giày Đá Banh Nike Tiempo Legend 9 Academy TF',1800000,100,6,_binary '',3,'NIKE','Vải chính: 80% len, 20% cao su','https://res.cloudinary.com/martfury/image/upload/v1702908374/products/ukohspyjm0ozet0ubkmw.jpg'),(43,'Làm bằng da FlyTouch Pro cực kỳ mềm mại, giúp khuôn giày ôm vào chân tạo cảm giác thoải mái mà không bị căng quá mức\nCác chấm siêu nhỏ phía trên khuếch đại các vùng cảm ứng để rê bóng và chuyền bóng.\nCông nghệ Kiểm soát mọi điều kiện (ACC) bổ sung kết cấu chắc chắn trong cả điều kiện ẩm ướt và khô ráo',37,'2022-03-20','Giày Đá Banh Nike Tiempo Legend 10 Pro',3450000,100,3,_binary '',3,'NIKE','Vải chính: 80% len, 20% cao su','https://res.cloudinary.com/martfury/image/upload/v1702907265/products/sfuxdiwtxq9o5cah0mnq.jpg'),(44,'- Chất liệu da Microfiber cao cấp, với phần Upper mát mịn kết hợp thiết kế những đường vân xen kẽ giúp tăng độ bám dính cho đôi giày\n- Cổ giày làm bằng chất liệu vải sợi dệt Wi-Flyknit mềm, dẻo dai và đàn hồi và ôm chân tốt hỗ trợ trong những cú bứt tốc hay đổi hướng\n- Lót giày EVA kết hợp vải mesh chuyên dùng trong thời trang thể thao giúp mang lại cảm giác êm ái\n- Bộ đế giày TF quen thuộc phù hợp nhất với đại đa số cấu trúc sân cỏ tại Việt Nam hiện nay',38,'2022-03-20','Giày Đá Bóng Adi Predator Edge1 TF',870000,100,3,_binary '',3,'ADIDAS','Vải chính: 80% len, 20% cao su','https://res.cloudinary.com/martfury/image/upload/v1702906876/products/iyahqbhekdvjhkp2q9g4.jpg'),(45,' Tiempo Legend 10 Academy TF sở hữu phần upper được làm từ chất liệu da tổng hợp FlyTouch Lite hoàn toàn mới. Mềm hơn, nhẹ hơn và bền hơn so với da tự nhiên, upper FlyTouch Lite sẽ mang lại cảm giác bóng thật chân cho người chơi. Đồng thời chúng còn giúp đảm bảo cảm giác ôm chân cho người chơi, giữ cho form giày không bị giãn quá mức sau một thời gian sử dụng.',25,'2022-03-20','Giày Đá Banh Nike Tiempo Legend 10 Academy TF',2150000,99,8,_binary '',3,'NIKE','Vải chính: 80% len, 20% cao su','https://res.cloudinary.com/martfury/image/upload/v1702906079/products/gga8bjcs6cnxi6jj6nrg.jpg'),(46,'- Công nghệ +SKINGUARD hỗ trợ người đánh tăng thêm độ bền bỉ khi chạy và tăng tốc\nPHẦN TRONG \n- Công nghệ Pro Torque Chasis Light làm tăng tính linh hoạt và ổn định cho tốc độ chạy',10,'2022-03-20','Giày tennis Wilson RUSH PRO',3980000,100,2,_binary '',5,'WILSON','Vải chính: 80% len, 20% cao su','https://res.cloudinary.com/martfury/image/upload/v1702905377/products/pjfpgdz7p1kxtvjegazi.jpg'),(47,'Được chế tạo để chịu được lực trượt, thiết kế tổng quát sử dụng dữ liệu để tích hợp cao su bền và nhựa cứng ở những khu vực chịu mài mòn cao—chẳng hạn như mặt giữa của bàn chân trước.',5,'2022-03-20','Giày Tennis NikeCourt Zoom Vapor 11',3200000,99,4,_binary '',5,' sandro','Vải chính: 80% len, 20% cao su','https://res.cloudinary.com/martfury/image/upload/v1702905054/products/eyrv4emig3ov6pdzqnpt.jpg'),(48,'GIÀY TENNIS NIKE AIR ZOOM VAPOR XANH DƯƠNG/TRẮNG/VÀNG CZ0220-400 mang tất cả nhưng công nghệ và  nghiệm của đôi Vapor X nhưng nhẹ hơn, các phần lưới được nhà thiết kế thêm vào nhiều hơn để tăng độ thoáng cho đôi chân không bị nóng và khó chịu, \nGIÀY TENNIS NIKE AIR ZOOM VAPOR XANH DƯƠNG/TRẮNG/VÀNG CZ0220-400 thiết dây buộc không đối xứng giúp ôm sát vào mu bàn chân để các VĐV di chuyển ngang chắc chắn ở mức tối đa không bị lật chân giúp sử lí những đường bóng khó 1 cách tự tin hơn ',9,'2022-03-20','Giày tennis Nike Court Air Zoom Vapor Pro',2850000,100,0,_binary '',5,'NIKE','Vải chính: 80% len, 20% cao su','https://res.cloudinary.com/martfury/image/upload/v1702904824/products/k4a8jzivptzhm2fixotc.jpg'),(49,'Với hàng loạt công nghệ được tích hợp trong siêu phẩm Gel - Resolution 9 tạo ra sự ổn định và giảm chấn nâng cao cho những người chơi muốn kiểm soát trận đấu ngay từ đầu.',21,'2022-03-20','Giày Tennis Asics Gel - Resolution 9',2650000,100,0,_binary '',5,'ASICS','Vải chính: 80% len, 20% cao su','https://res.cloudinary.com/martfury/image/upload/v1702904547/products/y8cxjsr1dur4fnmaba7o.jpg'),(50,' Giày Tennis Asics Court FF 3 – 1041A370-001 được thiết kế để giúp bạn vung vợt mạnh hơn và phục hồi nhanh hơn giữa các cú đánh. Nó tạo ra cú một hạ cánh ổn định và giảm tải trọng lượng đặt lên cơ thể. Kết quả là bạn có thể dồn nhiều năng lượng hơn để tạo ra một cú vung vợt mạnh mẽ.\n',9,'2022-03-20','Giày Tennis Asics Court FF 3 ',3270000,100,2,_binary '',5,'ASICS','Vải chính: 80% len, 20% cao su','https://res.cloudinary.com/martfury/image/upload/v1702904383/products/bbj5ihqtlsiy7tq3itev.jpg'),(51,'Giày quần vợt GEL-RESOLUTION® 9 X HUGO BOSS tạo ra độ ổn định và khả năng giảm chấn nâng cao dành cho những người chơi muốn kiểm soát trận đấu từ đường cuối sân. ​​Công nghệ DYNAWALL™ ở đế giữa giờ đây mở rộng đến gót chân để tăng độ ổn định khi di chuyển sang bên. Đây là một tính năng chức năng hiệu quả khi bạn chạy bao phủ cả hai phía của đường cơ sở.​Công nghệ DYNAWRAP™ trong eyestay đã được thiết kế lại một cách chiến lược để tạo áp lực khi cần hỗ trợ thêm. Điều này cho phép bạn trải nghiệm cảm giác cố định khi thực hiện chuyển tiếp nhanh.​Cuối cùng, đế ngoài có chiều dài tối đa và gót chân tách biệt giúp tạo ra cú tiếp đất ổn định hơn để phục hồi nhanh hơn giữa các lần đánh.',30,'2022-03-20','Giày Tennis Thể Thao Asics GEL-RESOLUTION ',3080000,100,3,_binary '',5,'ASICS','Vải chính: 80% len, 20% cao su','https://res.cloudinary.com/martfury/image/upload/v1702904156/products/e9uyjntjgfaw9kuv88tb.jpg'),(52,'Được thiết kế để hỗ trợ phục hồi nhanh giữa các cú đánh và cú đánh mạnh mẽ. Nó tạo ra một hạ cánh ổn định và giảm tải cho cơ thể. Nhờ đó, bạn có thể tập trung nhiều năng lượng hơn để tạo ra cú swing mạnh mẽ. Có thể thực hiện các lượt rẽ nhanh hơn trong thời gian ngắn hơn để có các bước chuyển hướng mượt mà hơn. Độ bám của đế ngoài và hệ thống hỗ trợ TWISTRUS cho phép bạn đạp đất mạnh mẽ hơn. Điều này sẽ cho phép bạn sao lưu nhanh chóng và trở lại vị trí chính xác một cách trơn tru hơn.',25,'2022-03-20','Giày Tennis Thể Thao Asics COURT',4500000,99,3,_binary '',5,'ASICS','Vải chính: 80% len, 20% cao su','https://res.cloudinary.com/martfury/image/upload/v1702904000/products/x3u7k0jbcgmuxfiehhdp.jpg'),(53,'?Dòng #Barricade đã trở lại để giúp bạn thống lĩnh cuộc chơi. \n?Hệ thống dây giầy trực quan tạo độ ôm chân chắc chắn bằng cách nén lưỡi gà bằng cao su neoprene xuống tương ứng với hình dáng bàn chân.\n?Hệ thống Geofit ở gót giầy lấp đầy các khoảng trống còn lại để hoàn thiện kết nối. \nBên dưới là đế giữa Bounce êm ái và phần shank bằng TPU giữa bàn chân để mỗi bước đi luôn thoải mái và ổn định. \n?Chữ #adidas nổi bật ở giữa mặt bên làm từ chất liệu RPU cứng cáp có khả năng chống mài mòn do lực miết bàn chân.',10,'2022-03-20','Giầy Tennis Adidas Barricade HQ8917',2900000,98,4,_binary '',5,'ADIDAS','Vải chính: 80% len, 20% cao su','https://res.cloudinary.com/martfury/image/upload/v1702902843/products/epaciswxy01oe1k9gwib.jpg'),(54,'GIÀY TENNIS SOLEMATCH BOUNCE\nĐÔI GIÀY TENNIS LÓT ĐỆM GIÚP BẠN LUÔN VỮNG CHÃI.\nNâng tầm cuộc chơi sân đấu. Đôi giày tennis adidas SoleMatch Bounce này giúp bạn luôn vững chãi nhờ khung đế giày bằng TPU bao quanh bàn chân. Phía trên đế giữa Bounce linh hoạt là thân giày bằng vải lưới nhiều lớp giúp lưu thông khí cho cảm giác thoải mái suốt trận đấu. Các vùng chống mài mòn ở mũi chân giúp bạn sẵn sàng cho tất cả.',2,'2022-03-20','Giày Tennis Adidas SoleMatch Bounce M GY7650',3200000,100,0,_binary '',5,'ADIDAS','Vải chính: 80% len, 20% cao su','https://res.cloudinary.com/martfury/image/upload/v1702902680/products/al85ggpy5wphasnamyhu.jpg'),(55,'Sở hữu đế Boost – bộ đệm cực mềm mại, nhạy bén nhất trước đến nay của Aidas mang lại năng lượng đáng kinh ngạc. Đem lại sự tự tin tối đa khi sử dụng.\nĐi kèm những tính năng vượt trội từ các lớp thoáng khi phía trên, form giày cực thoải mái tạo độ nhẹ nhàng và thoáng mát hơn bao giờ hết.\nĐế ngoài Adiwear mang đến độ bền tối đa cùng Adituff chống mài mòn bao quanh ngón chân và bàn chân trước để giúp bảo vệ chống lại lực cản ở chân xảy ra trong các cú giao bóng, hay chuyển động mạnh.',10,'2022-03-20','Giày Tennis Adidas Sold Court Boost ',886000,100,2,_binary '',5,'ADIDAS','Vải chính: 80% len, 20% cao su','https://res.cloudinary.com/martfury/image/upload/v1702902538/products/mjvdk6bbkzfpipxbufn1.jpg'),(56,'Giày Chạy Trail Kailas FUGA YAO là một trong những sản phẩm nổi bật của Kailas với thiết kế, chất liệu và công nghệ vượt trội. Đôi giày mang lại cảm giác nhẹ, tốc độ và độ bám tốt trên mọi địa hình chạy. Dưới đây là những điểm đặc biệt củaa Giày Chạy Trail Nam Kailas FUGA YAO.\n\n',4,'2023-04-01','Giày chạy địa hình Kailas FUGA YAO Trail Running',3500000,148,2,_binary '',6,'KAILAS','Vải chính: 80% len, 20% cao su','https://res.cloudinary.com/martfury/image/upload/v1702881267/products/n5hqmwgjwa4mcwaudl55.webp'),(57,'Nike Air Zoom Terra Kiger 8 nhẹ và vừa vặn. Đôi giày có thiết kế đơn giản, vừa đủ để bạn cảm thấy phù hợp và an toàn. Với Terra Kiger, bạn cảm nhận được sự ổn định và thăng bằng trên đường trail. Vì vậy, bạn vững chắc và nhanh nhẹn trên đường chạy. Thêm vào đó, Nike Air Zoom Terra Kiger 8 mềm mại và đàn hồi. Bạn sẽ thấy sự bật nảy trong từng bước chạy! ',8,'2023-04-01','Giày chạy địa hình Nike Air Zoom Terra Kiger 8 Trail',3000000,50,0,_binary '',6,'NIKE','Vải chính: 80% len, 20% cao su','https://res.cloudinary.com/martfury/image/upload/v1702881386/products/mtiigobdxrxljgoysare.webp'),(58,'Sự lựa chọn hoàn hảo cho những người yêu thích thể thao đường mòn. Được thiết kế để vượt qua mọi thử thách, Fuga EX 2 GTX không chỉ mang lại sự thoải mái và bảo vệ cho đôi chân của bạn mà còn đem đến hiệu suất vô song trên mọi loại địa hình. Hãy cùng khám phá tại sao Fuga EX 2 GTX là đôi giày không thể thiếu của người chơi trail!',11,'2023-04-01','Giày chạy trail  Kailas Fuga EX 2 GTX',4100000,50,0,_binary '',6,'KAILAS','Vải chính: 80% len, 20% cao su','https://res.cloudinary.com/martfury/image/upload/v1702881527/products/rzpbf4b7afodt6wwp6ev.webp'),(59,'Đôi giày chạy bộ này có những tính năng độc đáo và tiện ích để đáp ứng nhu cầu của người vừa muốn trải nghiệm đường địa hình, vừa muốn chạy cả đường nhựa. \n\nVới công nghệ BOA® Fit System, việc điều chỉnh giày chỉ bằng một tay trở nên dễ dàng và nhanh chóng. \n\nBề mặt giày được làm từ vải lưới kỹ thuật và TPU chịu mài mòn, tạo sự nhẹ nhàng, thoáng khí và thoải mái hơn. \n\nĐiểm nổi bật của sản phẩm là Vibram Megagrip outsole, đảm bảo độ bám tuyệt vời trên mọi mặt đất ướt và khô.\n\n Đế giày Eccevai cực kỳ nhẹ, giúp bạn tiết kiệm sức lực khi chạy. Ngoài ra, midsole lấp lánh thêm điểm nhấn cho sản phẩm.',10,'2023-04-01','Giày chạy trail Kailas Fuga EX BOA',3200000,50,0,_binary '',6,'KAILAS','Vải chính: 80% len, 20% cao su','https://res.cloudinary.com/martfury/image/upload/v1702881632/products/wcbxofj3xkksnopufdvu.webp'),(60,'Giày chạy bộ nữ Kailas Fuga Pro 4 Trail Running-màu đỏ\nTính năng\n● Hệ thống siết chặt hai phần Kailas AWS (Adjust Whole Sole) 3.0. Khóa đầu tiên tránh bị thương ngón chân khi xuống dốc và khóa thứ hai giúp bọc chắc hơn và ổn định hơn\n● Hệ thống giá đỡ 4 điểm của đàn ghim\n● Đế giữa sử dụng công nghệ Litebase giúp giày nhẹ hơn 30% so với thông thường. Thêm với công nghệ ECCEVAL DUAL-DENSITY giúp giảm tác động lên bàn chân, tăng cường lực đẩy cho chân, bên dưới là 1 lớp khung nên sẽ giúp chân được ổn định hơn\n● Đế ngoài Vibram Megagrip với các điểm khoá giúp chống trượt, tăng tốc, giảm tốc và ổn định',5,'2023-04-01','Giày chạy trail Kailas Fuga Pro 4',4900000,50,0,_binary '',6,'KAILAS','Vải chính: 80% len, 20% cao su','https://res.cloudinary.com/martfury/image/upload/v1702881802/products/lxjakwwcayd3af35ntvf.webp'),(156,'ASICS GT-2000 là một đôi giày chắc chắn, nhẹ nhàng sinh ra để dành cho những bước chạy mượt mà.  ASICS đã cải tiến đôi GT-2000 với một diện mạo hoàn toàn tươi mới nhưng vẫn giữ được những ưu điểm mà người dùng tin tưởng. Hệ thống Dynamic DuoMax của ASICS đã tạo nên một loại đế siêu bền xuyên suốt vòng đời của đôi giày, còn hệ thống Trusstic system giúp giảm thiểu khả năng trật khớp, giúp sự chuyển dịch tư thế diễn ra nhịp nhàng hơn. Với công nghệ bền vững chắc chắn, ASICS vẫn là một đôi giày nhẹ. Đôi GT-2000 của nam chỉ nặng xấp xỉ 281g, và của nữ thì xấp xỉ 221 g, điều này giúp đôi giày linh hoạt với nhiều bài tập khác nhau. Đánh giá đôi ASICS GT-2000 , nhóm trải nghiệm đã dành những lời khen ngợi cho độ nhẹ cũng như cảm giác êm ái của giày, điều tạo nên những bước chạy đầy tự tin cho cả những người mới và những người chạy marathon. ',1,'2023-05-18','Giày chạy Asics GT-2000 10',2090000,50,0,_binary '',1,'ASICS','Vải chính: 80% len, 20% cao su','https://res.cloudinary.com/martfury/image/upload/v1702902147/products/s7excxlboyim7tmcoumh.webp');
/*!40000 ALTER TABLE `products` ENABLE KEYS */;
UNLOCK TABLES;

--
-- Table structure for table `rates`
--

DROP TABLE IF EXISTS `rates`;
/*!40101 SET @saved_cs_client     = @@character_set_client */;
/*!50503 SET character_set_client = utf8mb4 */;
CREATE TABLE `rates` (
  `id` bigint(20) NOT NULL AUTO_INCREMENT,
  `comment` varchar(255) COLLATE utf8mb4_unicode_ci DEFAULT NULL,
  `rate_date` datetime DEFAULT NULL,
  `rating` double DEFAULT NULL,
  `order_detail_id` bigint(20) DEFAULT NULL,
  `product_id` bigint(20) DEFAULT NULL,
  `user_id` bigint(20) DEFAULT NULL,
  PRIMARY KEY (`id`),
  KEY `FKoesgfm245y1ula1pn74fw9mkk` (`order_detail_id`),
  KEY `FK4mdsmkrr7od84tpgxto2v3t2e` (`product_id`),
  KEY `FKanlgavwqngljux10mtly8qr6f` (`user_id`),
  CONSTRAINT `FK4mdsmkrr7od84tpgxto2v3t2e` FOREIGN KEY (`product_id`) REFERENCES `products` (`product_id`),
  CONSTRAINT `FKanlgavwqngljux10mtly8qr6f` FOREIGN KEY (`user_id`) REFERENCES `users` (`user_id`),
  CONSTRAINT `FKoesgfm245y1ula1pn74fw9mkk` FOREIGN KEY (`order_detail_id`) REFERENCES `order_details` (`order_detail_id`)
) ENGINE=InnoDB AUTO_INCREMENT=62 DEFAULT CHARSET=utf8mb4 COLLATE=utf8mb4_unicode_ci;
/*!40101 SET character_set_client = @saved_cs_client */;

--
-- Dumping data for table `rates`
--

LOCK TABLES `rates` WRITE;
/*!40000 ALTER TABLE `rates` DISABLE KEYS */;
INSERT INTO `rates` VALUES (1,' mua thôi !!!','2022-03-20 22:42:59',5,9,7,3),(2,'mua về nấu cơm cho mẹ !!! cho 5sao','2022-03-20 22:44:44',5,19,42,3),(3,'Hàng may hơi ẩu','2022-03-20 22:44:44',1,14,32,3),(4,'hàng đẹp nha các bạn','2022-03-20 22:44:44',4,13,55,3),(5,'Đẹp quá, nét hơn nyc!','2022-03-20 22:48:13',5,20,3,3),(6,'màu đẹp','2022-03-20 22:48:13',5,21,4,3),(7,'quá ưng luôn','2022-03-20 22:48:13',5,23,6,3),(8,'size chuẩn lắm ạ','2022-03-20 22:48:13',4,27,12,3),(9,'Shiper siêu dễ thương, hàng tạm ổn','2022-03-20 22:57:49',3,28,11,3),(10,'Shiper siêu dễ thương','2022-03-20 22:57:49',5,29,7,3),(11,'Shiper siêu dễ thương','2022-03-20 22:57:49',5,30,9,3),(12,'Shiper siêu dễ thương','2022-03-20 22:57:49',5,31,8,3),(13,'shop tư vấn nhiệt tình, hàng đẹp','2022-03-20 22:57:49',5,32,10,3),(14,'shop tư vấn nhiệt tình, hàng đẹp','2022-03-20 22:57:49',5,36,38,3),(15,'shop tư vấn nhiệt tình, tạm được','2022-03-20 22:57:49',2,37,39,3),(16,'shop tư vấn nhiệt tình, tạm được','2022-03-20 22:57:49',2,38,40,3),(17,'shop tư vấn nhiệt tình, hàng đẹp','2022-03-20 22:57:49',5,39,16,3),(18,'shop tư vấn nhiệt tình, hàng đẹp','2022-03-20 22:57:49',5,40,21,3),(19,'shop tư vấn nhiệt tình, hàng đẹp','2022-03-20 22:57:49',5,43,23,3),(20,'shop tư vấn nhiệt tình, hàng đẹp','2022-03-20 22:57:49',5,42,22,3),(21,'Mặc hơi rộng','2022-03-20 22:57:49',2,45,46,3),(22,'y như hình','2022-03-20 22:57:49',5,47,51,3),(23,'Chất vải tốt','2022-03-20 23:03:36',5,4,9,3),(24,'Tạm được','2022-03-20 23:03:36',3,5,7,3),(25,'Hàng đẹp quá','2022-03-20 23:04:58',5,44,47,3),(26,'Hàng đẹp quá','2022-03-20 23:04:58',5,49,53,3),(27,'cũng đẹp đấy','2022-03-20 23:10:07',4,16,28,3),(28,'quá đẹp luôn, mua đi ae','2022-03-20 23:10:07',5,17,24,3),(29,'Hàng đẹp quá','2022-03-20 23:11:35',5,50,36,3),(30,'hàng xấu, ae đừng mua nhé, vote 1 sao.','2022-03-20 23:13:00',1,35,37,3),(31,'Đẹp quá!','2022-03-20 23:17:05',5,66,33,3),(32,'Hàng đẹp quá','2022-03-20 23:17:05',5,67,32,3),(33,'Đẹp nhưng đắt quá!','2022-03-20 23:17:05',5,68,34,3),(35,'Hàng đẹp quá','2022-03-20 23:17:05',5,70,36,3),(36,'Hàng đẹp quá','2022-03-20 23:17:05',5,55,44,3),(37,'đẹp nha','2022-03-20 23:17:05',5,57,42,3),(38,'Hàng đẹp lắm ạ','2022-03-20 23:17:05',5,59,45,3),(39,'Hàng đẹp quá','2022-03-20 23:17:05',2,64,30,3),(40,'Tạm ổn','2022-03-20 23:40:15',3,33,14,3),(41,'Hàng đẹp quá','2022-03-23 20:57:59',4,73,36,4),(42,'xấu quá cho 1 sao','2022-03-23 20:58:47',1,78,32,4),(43,'Váy y như hình, chất liệu rất mát, lần sau sẽ ủng hộ shop tiếp ạ','2023-04-14 09:47:42',5,86,3,5),(44,'Đầm siêu đẹp chất mát lắm ạ','2023-04-14 09:47:42',4,87,5,5),(48,'Hang sieu dep a','2023-05-02 21:35:33',5,84,53,5),(49,NULL,'2023-05-03 18:30:06',5,97,6,5),(50,'Sản phẩm đúng như quảng cáo','2023-05-10 15:33:31',5,144,33,5),(58,'Hàng đẹp lắm ạ, shop tư vấn nhiệt tình, shipper thân thiện, giao hàng 2 ngày là đã có.','2023-05-18 23:25:19',5,152,18,5),(59,'hàng rộng, xấu lắm ạ','2023-05-18 23:41:13',1,144,33,5),(60,'Hàng đẹp lắm ạ,  nhưng mk đặt size S hơi chật, các bạn nên đặt tăng 1 size nhé','2023-05-18 23:46:30',4,154,4,5),(61,' đế êm, độ nảy tốt, sẽ ủng hộ tiếp','2023-12-20 13:00:41',5,158,28,8);
/*!40000 ALTER TABLE `rates` ENABLE KEYS */;
UNLOCK TABLES;

--
-- Table structure for table `user_roles`
--

DROP TABLE IF EXISTS `user_roles`;
/*!40101 SET @saved_cs_client     = @@character_set_client */;
/*!50503 SET character_set_client = utf8mb4 */;
CREATE TABLE `user_roles` (
  `user_id` bigint(20) NOT NULL,
  `role_id` int(11) NOT NULL,
  PRIMARY KEY (`user_id`,`role_id`),
  KEY `FKihg20vygk8qb8lw0s573lqsmq` (`role_id`),
  CONSTRAINT `FKhfh9dx7w3ubf1co1vdev94g3f` FOREIGN KEY (`user_id`) REFERENCES `users` (`user_id`),
  CONSTRAINT `FKihg20vygk8qb8lw0s573lqsmq` FOREIGN KEY (`role_id`) REFERENCES `app_roles` (`id`)
) ENGINE=InnoDB DEFAULT CHARSET=utf8mb4 COLLATE=utf8mb4_unicode_ci;
/*!40101 SET character_set_client = @saved_cs_client */;

--
-- Dumping data for table `user_roles`
--

LOCK TABLES `user_roles` WRITE;
/*!40000 ALTER TABLE `user_roles` DISABLE KEYS */;
INSERT INTO `user_roles` VALUES (3,1),(5,1),(6,1),(8,1),(2,2),(7,2);
/*!40000 ALTER TABLE `user_roles` ENABLE KEYS */;
UNLOCK TABLES;

--
-- Table structure for table `users`
--

DROP TABLE IF EXISTS `users`;
/*!40101 SET @saved_cs_client     = @@character_set_client */;
/*!50503 SET character_set_client = utf8mb4 */;
CREATE TABLE `users` (
  `user_id` bigint(20) NOT NULL AUTO_INCREMENT,
  `address` varchar(255) COLLATE utf8mb4_unicode_ci DEFAULT NULL,
  `email` varchar(255) COLLATE utf8mb4_unicode_ci DEFAULT NULL,
  `gender` bit(1) DEFAULT NULL,
  `image` varchar(255) COLLATE utf8mb4_unicode_ci DEFAULT NULL,
  `name` varchar(255) COLLATE utf8mb4_unicode_ci DEFAULT NULL,
  `password` varchar(255) COLLATE utf8mb4_unicode_ci DEFAULT NULL,
  `phone` varchar(255) COLLATE utf8mb4_unicode_ci DEFAULT NULL,
  `register_date` date DEFAULT NULL,
  `status` bit(1) DEFAULT NULL,
  `token` varchar(255) COLLATE utf8mb4_unicode_ci DEFAULT NULL,
  PRIMARY KEY (`user_id`)
) ENGINE=InnoDB AUTO_INCREMENT=9 DEFAULT CHARSET=utf8mb4 COLLATE=utf8mb4_unicode_ci;
/*!40101 SET character_set_client = @saved_cs_client */;

--
-- Dumping data for table `users`
--

LOCK TABLES `users` WRITE;
/*!40000 ALTER TABLE `users` DISABLE KEYS */;
INSERT INTO `users` VALUES (2,'Hà Nội','dangthanhtung1022001@gmail.com',_binary '\0','https://res.cloudinary.com/martfury/image/upload/v1703044513/users/cqht6jt3z5eqh7prtnfg.jpg','chaybohm','$2a$10$1ZhLyum1n7QkaLqis1U4quMjJMF6iZ5fcBnVY6WNgUqeAE2h9n09q','0971549770','2022-03-20',_binary '','eyJhbGciOiJIUzI1NiJ9.eyJzdWIiOiJncmVlbnlzaG9wLmFkbUBnbWFpbC5jb20iLCJzY29wZXMiOlt7ImF1dGhvcml0eSI6IlJPTEVfQURNSU4ifV0sImlzcyI6Imh0dHA6Ly9kZXZnbGFuLmNvbSIsImlhdCI6MTY0Nzc4MjE4MywiZXhwIjoxNjQ3ODAwMTgzfQ.cLQLN6HPjClhuJFdBro1WHKEKfA7wYbBa3Eg3uHfNAE'),(3,'Hà Tĩnh','huudong297@gmail.com',_binary '','https://res.cloudinary.com/martfury/image/upload/v1684317419/users/todkbfaysbprfbxe7tfk.jpg','Phạm Thị Loan','$2a$10$FMNO9C77S9/Pae4.V11muuxKL0zKF1rdvJITCzZG61mKjygtMRhwu','0916891997','2022-03-20',_binary '','eyJhbGciOiJIUzI1NiJ9.eyJzdWIiOiJ0aGFvY2hpNjQwNEBnbWFpbC5jb20iLCJzY29wZXMiOlt7ImF1dGhvcml0eSI6IlJPTEVfQURNSU4ifV0sImlzcyI6Imh0dHA6Ly9kZXZnbGFuLmNvbSIsImlhdCI6MTY0ODA0MzUzNywiZXhwIjoxNjQ4MDYxNTM3fQ.589LqMNNJ-NiF0s425cR_tfAr3cfhqf7rpQ_QU1AEIw'),(4,'Hà Tĩnh','thaochi6404@gmail.com',_binary '','https://res.cloudinary.com/martfury/image/upload/v1684317472/users/rvxbego1hhsgxz6hhmjg.jpg','Nguyễn Thị Thảo','$2a$10$EWTp2tH0Rc1osvewWztXM.ba02wWffEupaG0.jziUul7b8WYUal3K','0916855648','2022-03-23',_binary '\0','eyJhbGciOiJIUzI1NiJ9.eyJzdWIiOiJ0aGFvY2hpNjQwNEBnbWFpbC5jb20iLCJzY29wZXMiOlt7ImF1dGhvcml0eSI6IlJPTEVfQURNSU4ifV0sImlzcyI6Imh0dHA6Ly9kZXZnbGFuLmNvbSIsImlhdCI6MTY0ODA0MzUzNywiZXhwIjoxNjQ4MDYxNTM3fQ.589LqMNNJ-NiF0s425cR_tfAr3cfhqf7rpQ_QU1AEIw'),(5,'Thôn Một Thượng, Thắng Lợi, Thường Tín, TP.HN','daothithuy.27092001@gmail.com',_binary '','https://res.cloudinary.com/martfury/image/upload/v1683952618/users/d3x4glzjauznsw9ywozr.jpg','ThuyDT','$2a$10$MzVr77ldc1VsBgck.VZLJ.ohxJldY5nFzAd/OnaHhCIozqskPDZsa','0971549770','2023-04-01',_binary '','eyJhbGciOiJIUzI1NiJ9.eyJzdWIiOiJkYW90aGl0aHV5LjI3MDkyMDAxQGdtYWlsLmNvbSIsInNjb3BlcyI6W3siYXV0aG9yaXR5IjoiUk9MRV9BRE1JTiJ9XSwiaXNzIjoiaHR0cDovL2RldmdsYW4uY29tIiwiaWF0IjoxNjgwMzYyNzIzLCJleHAiOjE2ODAzODA3MjN9.50ZaEUw9r-mzUKcLl5cW_W9-x1qGWeLcPrfiJiCuixk'),(6,'Thắng Lợi, Thường Tín, Hà Nội','thuydt.27092001@gmail.com',_binary '\0','https://res.cloudinary.com/martfury/image/upload/v1682429348/users/n8nzlypbaqstcxfppj5n.jpg','thuy','$2a$10$ilf2j79mPChgVP76FeaQcehjMuHuYBCiNDTC0vifZCvUzZG8tDrbS','0971549770','2023-04-25',_binary '','eyJhbGciOiJIUzI1NiJ9.eyJzdWIiOiJ0aHV5ZHQuMjcwOTIwMDFAZ21haWwuY29tIiwic2NvcGVzIjpbeyJhdXRob3JpdHkiOiJST0xFX0FETUlOIn1dLCJpc3MiOiJodHRwOi8vZGV2Z2xhbi5jb20iLCJpYXQiOjE2ODI0MTAyNDEsImV4cCI6MTY4MjQyODI0MX0.GvJGRvKa_cwsdU3tQKtNE06_PFl0X3AenqgbX00dMp4'),(7,'thường tín','thaonoi2310@gmail.com',_binary '','https://res.cloudinary.com/martfury/image/upload/v1684047739/users/rhb2s8kkh7djhhyivulc.jpg','Nhân viên','$2a$10$f5cBiMZ4.MP8JIJrk2zZIOpev/wdnXe0qjd5NgXNoKPhjll0ruke2','0971549770','2023-05-14',_binary '','eyJhbGciOiJIUzI1NiJ9.eyJzdWIiOiJ0aGFvbm9pMjMxMEBnbWFpbC5jb20iLCJzY29wZXMiOlt7ImF1dGhvcml0eSI6IlJPTEVfQURNSU4ifV0sImlzcyI6Imh0dHA6Ly9kZXZnbGFuLmNvbSIsImlhdCI6MTY4NDA0Nzc0MSwiZXhwIjoxNjg0MDY1NzQxfQ.Y8z92baFUhBKSedB3GcvsXGmTLACBGDv-yKD-513T-s'),(8,'Thôn Quan Yên, Định Công, Yên Định, Thanh Hóa','quangdangthai9898@gmail.com',_binary '','https://res.cloudinary.com/martfury/image/upload/v1703050868/users/ajt3xtxoutf5e3eszvhh.jpg','Đặng Thanh Tùng','$2a$10$K8r1Zy.cU3HyC6S2u24Jhekng6mSdKpU9y8MTAz/2PwVKGbdmfmU.','0984410411','2023-12-20',_binary '','eyJhbGciOiJIUzI1NiJ9.eyJzdWIiOiJxdWFuZ2Rhbmd0aGFpOTg5OEBnbWFpbC5jb20iLCJzY29wZXMiOlt7ImF1dGhvcml0eSI6IlJPTEVfQURNSU4ifV0sImlzcyI6Imh0dHA6Ly9kZXZnbGFuLmNvbSIsImlhdCI6MTcwMzA0NTcwOSwiZXhwIjoxNzAzMDYzNzA5fQ.Xk0-GISc693oyG3agiBTKsan-rtqJ7AsUaCgFesIPx4');
/*!40000 ALTER TABLE `users` ENABLE KEYS */;
UNLOCK TABLES;
/*!40103 SET TIME_ZONE=@OLD_TIME_ZONE */;

/*!40101 SET SQL_MODE=@OLD_SQL_MODE */;
/*!40014 SET FOREIGN_KEY_CHECKS=@OLD_FOREIGN_KEY_CHECKS */;
/*!40014 SET UNIQUE_CHECKS=@OLD_UNIQUE_CHECKS */;
/*!40101 SET CHARACTER_SET_CLIENT=@OLD_CHARACTER_SET_CLIENT */;
/*!40101 SET CHARACTER_SET_RESULTS=@OLD_CHARACTER_SET_RESULTS */;
/*!40101 SET COLLATION_CONNECTION=@OLD_COLLATION_CONNECTION */;
/*!40111 SET SQL_NOTES=@OLD_SQL_NOTES */;

-- Dump completed on 2023-12-20 14:51:31
